id,name,shares,likes,loves,wow,cares,sad,angry,haha,reactions_count,comments,content,posted_on,video,image,post_url
pfbid02pXxcXN485dKSozUdFgBdotoYm8BUBV6NsDvBU9rzSn52u22uhdnzv1K9Qhtw7mGSl,Arnold Schwarzenegger,425,35000,5400,0,0,0,0,0,40400,1400,"First we get our pump, then we go pump up the fantastic fans in Brazil, @chrishemsworth. See you all at @netflix Tudum!",2023-06-17T15:03:55.116460,[],https://scontent.fsog1-1.fna.fbcdn.net/v/t39.30808-6/354223478_814448336708901_8449479117533158297_n.jpg?stp=dst-jpg_p526x296&_nc_cat=1&ccb=1-7&_nc_sid=730e14&_nc_ohc=6uTRvApyAnsAX8HpCNL&_nc_ht=scontent.fsog1-1.fna&oh=00_AfDrIurU153oImvPSoxKpFJORyfw4cGKnQWdAL2FCcGP5A&oe=6492F8F8,https://www.facebook.com/arnold/posts/pfbid02pXxcXN485dKSozUdFgBdotoYm8BUBV6NsDvBU9rzSn52u22uhdnzv1K9Qhtw7mGSl?__cft__[0]=AZUwaTAafbVj3IfmXfZ5N_4-THLfw75iJ96APdgL67nEqCdkw5awzqyqkFy9boFk7v2aXuq-rs7-TQjDdJw3p8fvQhMWG0-tw1OZxlmpiGdMqfIPbP70283Z6PgQukQ8ElbPLRqotJg-drH79xAptSWcpuCS0J51gw12AfvTNMr4V3LW1un5k4P9xZPhWs3o8fCBg6Tr9llHuwoErZHclCxV&__tn__=%2CO%2CP-R
pfbid0tM7RcDw1JNH6TSZJpZntzPt4wWt9he44tfXzgfLCWyFAc2bTsFxR86uJ7F7MEvMel,Arnold Schwarzenegger,846,24000,6200,0,0,0,0,0,30200,2100,Thinking of having an Arnold movie night??? All of your favorites are on @netflix. GET TO THE TV!!!,2023-06-17T03:04:01.131495,[],https://scontent.fsog1-1.fna.fbcdn.net/v/t39.30808-6/354447860_814194556734279_3022868109879732333_n.jpg?stp=dst-jpg_p480x480&_nc_cat=1&ccb=1-7&_nc_sid=730e14&_nc_ohc=ZtT1q4BkjpYAX_otzfu&_nc_ht=scontent.fsog1-1.fna&oh=00_AfD2zLSqmBCdGpVHWtz73TgnphssUfpORUwhQvd25eazlw&oe=64924876 https://scontent.fsog1-1.fna.fbcdn.net/v/t39.30808-6/354452114_814194566734278_6196390062214052717_n.jpg?stp=dst-jpg_p480x480&_nc_cat=1&ccb=1-7&_nc_sid=730e14&_nc_ohc=qyF1BNhxlU4AX_nL7zs&_nc_ht=scontent.fsog1-1.fna&oh=00_AfCBZfDjYNZ0t3yMZVFrT6Bfnbi762sYBCgu5Ol6h_UGDg&oe=6493EAA2 https://scontent.fsog1-1.fna.fbcdn.net/v/t39.30808-6/354440498_814194570067611_5473061587806838540_n.jpg?stp=dst-jpg_p480x480&_nc_cat=1&ccb=1-7&_nc_sid=730e14&_nc_ohc=tchK02FPzXsAX-ML8Xh&_nc_ht=scontent.fsog1-1.fna&oh=00_AfAheY1ZIumjla4wUmtuRePH2FAZgNhRDT91S27QMMvcVQ&oe=6492E194 https://scontent.fsog1-1.fna.fbcdn.net/v/t39.30808-6/354564475_814194573400944_5149927237760524293_n.jpg?stp=dst-jpg_p480x480&_nc_cat=1&ccb=1-7&_nc_sid=730e14&_nc_ohc=_DWq9eFsJsgAX_yeU8K&_nc_ht=scontent.fsog1-1.fna&oh=00_AfDXX80kvMuEnutVonbBDdrc9FwG1ICcLu4JJSoOXRR2rg&oe=6492B442 https://scontent.fsog1-1.fna.fbcdn.net/v/t39.30808-6/354432361_814194550067613_8781996746272118511_n.jpg?stp=dst-jpg_p480x480&_nc_cat=1&ccb=1-7&_nc_sid=730e14&_nc_ohc=yaJ38Im5nPYAX_Tf7UD&_nc_ht=scontent.fsog1-1.fna&oh=00_AfDHn2RZeUl5KuCy0Ss_XjDADL5hL6naha67WghgE6B7ZQ&oe=64925EBC,https://www.facebook.com/arnold/posts/pfbid0tM7RcDw1JNH6TSZJpZntzPt4wWt9he44tfXzgfLCWyFAc2bTsFxR86uJ7F7MEvMel?__cft__[0]=AZVqH-rMFcvg4qOhr0VC_nwX2G26dXvhR5GBQEvAZ-Nv-IiEDrr6-Ah2nJS6HIaxVQDZCc_x8s76sUp4VwkIEA12QJdsRiWkkHqSNuzHfnJeLnHLpy1kmezInriwzvV-_LYALij4vVZlJscpDvhunSdgEonF4D8ZuvH7ug2aUVl8RhWBgjKk8URVYZhJHvwGPYz7kn0yiXCsDxTzZPgoMFYy&__tn__=%2CO%2CP-R
pfbid026hy2LY1f7s9t1HDm5VaZAX5cjG6oDmCYep2bFyD6iKDUNwRz1Rz31kj7rvyBD11vl,Arnold Schwarzenegger,253,6400,982,0,0,0,0,0,7382,448,BRAZIL! I was overwhelmed by the love at @netflix #TUDUM”,2023-06-16T23:04:01.579297,['blob:https://www.facebook.com/7f598511-a334-4549-b675-ffda137c81c1'],https://scontent.fsog1-1.fna.fbcdn.net/v/t51.36329-10/353903284_265764069464794_4402740965345202975_n.jpg?stp=dst-jpg_s960x960&_nc_cat=1&ccb=1-7&_nc_sid=ad6a45&_nc_ohc=iFL9tcneeKMAX_Uo7Q8&_nc_ht=scontent.fsog1-1.fna&oh=00_AfAphyZHqvgI_vi_BOkysHZV4-nydpOrwzloABvPNFidcg&oe=6493584C,https://www.facebook.com/arnold/posts/pfbid026hy2LY1f7s9t1HDm5VaZAX5cjG6oDmCYep2bFyD6iKDUNwRz1Rz31kj7rvyBD11vl?__cft__[0]=AZXLuXU-7NG1QoZqE8qZxQTZxoKsNZMqLWHCQIXUfVYojSDoV0SxxzBjqAHuvVlUDkyuZl3yeoK81rp2NmLKjUP4anlyHESf-KwfZSdrTVvsBQzxFk-HJqfCBOWQNpDOOJ3oE3GJ6o_YnxO_SGP5lWuWuWRb0yu6zGYJqqSdJ4le_y9Vo5XL132w7ktc0sF17M-f9Bvol-ji-cWtVU0wiHG8&__tn__=%2CO%2CP-R
pfbid09fD63YLSENs5Q2TxPd1ztja9iSxHXVXiEphz4tVWL2JEMgjYUg7afvfeUhRWiMZwl,Arnold Schwarzenegger,474,23000,3400,0,0,0,0,0,26400,1000,Everyone has been asking me for a place to see all of the old issues of the #ArnoldsPumpClub daily emails. Link in my bio.,2023-06-16T23:04:01.858052,[],https://scontent.fsog1-1.fna.fbcdn.net/v/t39.30808-6/354254621_814043553416046_9005553944429389534_n.jpg?stp=dst-jpg_s640x640&_nc_cat=1&ccb=1-7&_nc_sid=730e14&_nc_ohc=rKkL-UoP_IYAX8ZDLzL&_nc_oc=AQmNXlC0rAwCEPjNEdTKPTqXW4OEezQBxkp3BpGW506j3UhdmNPoZMc-hu2u_u-mUHk&_nc_ht=scontent.fsog1-1.fna&oh=00_AfDr1LEtQMyJye3wZ8wiCYXlZiioTFZUVkzxtTkADiyFFg&oe=6492243B,https://www.facebook.com/arnold/posts/pfbid09fD63YLSENs5Q2TxPd1ztja9iSxHXVXiEphz4tVWL2JEMgjYUg7afvfeUhRWiMZwl?__cft__[0]=AZWuMMBNP8i9vj4W3_GeksaCUO_EJpqazUF2Ims3BxVXcqwbg4COX3kyf__EEa5LOYv5Wkjew-F21ZWSlucfc1f3I3tDsaD6Z-gGW90LX1Sic96cS-Ha2ek7Qv6D8wVumXudQ2lUTt6mPsqiUF6BhGWSlpuIn1H69-fEiki3vnK7bnl48oH7h-g3LYUT3vIsIVvPIc8-_WRt2UFUMrPPM-4H&__tn__=%2CO%2CP-R
pfbid021H7YH1UJnehhTgCdgSiQntvBd4F4hb3THcBe1CYBgVYiCcyxSnfVQXCAAFNGhukyl,Arnold Schwarzenegger,35,685,138,0,0,0,0,0,823,119,"I joined #ChrisWallace this week to talk about my new Netflix series “FUBAR”, documentary “Arnold”, and my mission to bring more positivity to the world. Tune in tonight on @CNN at 10pmET or anytime @streamonmax",2023-06-16T23:04:08.547847,[],https://scontent.fsog1-1.fna.fbcdn.net/v/t39.30808-6/354659357_814020793418322_8565838719161478227_n.jpg?stp=dst-jpg_p526x296&_nc_cat=102&ccb=1-7&_nc_sid=730e14&_nc_ohc=QE8lFi1nV0QAX_UM9gz&_nc_ht=scontent.fsog1-1.fna&oh=00_AfDCCRBjo66cpJ5yBxvzVmx2oQtdvCNxGCSoazUVheGmeg&oe=649325EF https://static.xx.fbcdn.net/rsrc.php/v3/y9/r/Z-dbClQDXLv.png,https://www.facebook.com/arnold/posts/pfbid021H7YH1UJnehhTgCdgSiQntvBd4F4hb3THcBe1CYBgVYiCcyxSnfVQXCAAFNGhukyl?__cft__[0]=AZUeIjkYy9GUrfFePV6K6pm6kVLvZUIxr1T6iWixGzonimGGSFf7-mIJCXueoAqV3r1Ca9BWNUKgCyEWWEForHAGvhOKrWwXXtRD8OEc_ZQrPuY5le3va_mRYWdk7Ws-mfY9fc5-7ajQxIV77BxxJKznO5baUC9MMZbNdxnZh_iyYxLoJI7tgUHwX9ecNL82XMk7_TV52KeyZKcqLHEf8kJc&__tn__=%2CO%2CP-R
pfbid0rdwz2CdeLmp642yLQP4fmE5yQaFuVjAFmPbsSi3cu35mJcGynmWpGnHDYa2tLtCjl,Arnold Schwarzenegger,493,7400,1300,0,0,0,0,0,8700,584,You guys always want more Whiskey and Lulu. Don’t miss my documentary. @netflix,2023-06-16T23:04:08.857239,['blob:https://www.facebook.com/879febab-da1f-4ffa-bdad-6f3f067e06c1'],https://scontent.fsog1-1.fna.fbcdn.net/v/t51.36329-10/353855348_783737463332266_6533084635466607591_n.jpg?stp=dst-jpg_s960x960&_nc_cat=1&ccb=1-7&_nc_sid=ad6a45&_nc_ohc=D2-eRjq8k0kAX9-koXv&_nc_ht=scontent.fsog1-1.fna&oh=00_AfDqVvb9_M5O-9cXbNvtO4bXhsL03HtRpQyy52QDdRYe0g&oe=6492826B,https://www.facebook.com/arnold/posts/pfbid0rdwz2CdeLmp642yLQP4fmE5yQaFuVjAFmPbsSi3cu35mJcGynmWpGnHDYa2tLtCjl?__cft__[0]=AZVpeBPOueiaV0mbDxU542MYHlxt038TFN3nGm9tjQSYrW3g4Pf0mtg4wkpI2hu4PLohbH9TnSdwSAZ-czB5d_Ll7qVsZcTmFWJxRpCdBupgKixo5M44oWkLIHNfiUBTs4bETJiuCNVxRa8LTRusd2c71XZwjAqdqVK4u-tiATNfhwrC25muPxR3xJ786T8xXZqDZ6jeGoGCQDFj17Ma1bY7&__tn__=%2CO%2CP-R
pfbid0ZSRXV2tCcaueUMjWfQGvWzjMRDoosWptEU3UfDfjQYgZuhWiKTWbWSrVs2Db26pBl,Arnold Schwarzenegger,120,2500,349,0,0,0,0,0,2849,356,Put down your phone. Give yourself time to find your vision. @netflix,2023-06-14T23:04:09.165075,['blob:https://www.facebook.com/edfc2099-2f32-4a2d-8635-ef1fa5d58474'],,https://www.facebook.com/arnold/posts/pfbid0ZSRXV2tCcaueUMjWfQGvWzjMRDoosWptEU3UfDfjQYgZuhWiKTWbWSrVs2Db26pBl?__cft__[0]=AZUgkrkcoZVmUiyma5sUfNkRa45ZFXC4nCp8IJo0cJTsJcgbz0xUIOSJyCc5Gb9ibV7EuHpdvHX5PCvrOAohfnvNmH-7B21Br5JgP7k39D_XQ_fsNG77iAgH-DQLcc3BDqbSFQ6K32gx-2HOUcYMbXoylGyarNlMQXQDO8bSAxX78IPxwEXcPtwVDJZpiKTCJ4gTVQOmBwJ0aqZkq8sGLcJZ&__tn__=%2CO%2CP-R
pfbid0HxprDJiYLsyDDgBokqad8UYj9xSuJPisc7QDMskXuCN8rYJMMKmXe79nw8RvH26Gl,Arnold Schwarzenegger,137,3800,677,0,0,0,0,0,4477,490,Did i do the #fancam right?,2023-06-14T23:04:15.230442,['blob:https://www.facebook.com/9679f772-7f95-4780-9543-f7a98fef3258'],https://scontent.fsog1-1.fna.fbcdn.net/v/t51.36329-10/353583567_1627140514434062_7158654566709693158_n.jpg?stp=dst-jpg_s960x960&_nc_cat=1&ccb=1-7&_nc_sid=ad6a45&_nc_ohc=uNUPJuPmf6wAX_shUiD&_nc_ht=scontent.fsog1-1.fna&oh=00_AfA3-5AeIuU_7PvFxbPUlUpoKAa_8zKJf0-tq_QJrcdHNA&oe=6493471D https://static.xx.fbcdn.net/rsrc.php/v3/y9/r/Z-dbClQDXLv.png,https://www.facebook.com/arnold/posts/pfbid0HxprDJiYLsyDDgBokqad8UYj9xSuJPisc7QDMskXuCN8rYJMMKmXe79nw8RvH26Gl?__cft__[0]=AZWPt83H_rsKjjcmiLMZOJKMZcUdHxkr-Hpm2mcrw2MRtNiaE522DiciQzr3EmgZNpdAzuzApJPyonIrsGhj5G18sPkt2-3mcyk0U7_srfz1X-75a-nmDfNNZ9MrmRuiykj6egFIriar-94LqP4vtYnDGXWB7IFpujh2U--6HrrXlnCYiahQvOQ6sugTExyCeunI7j5py4pu3L0daE9nuSAy&__tn__=%2CO%2CP-R
pfbid02EJX8a6cWAGNXarfjqxJKGLrAWMnjidnD9zBUd1xHdVFD4XUkEzoZXesPFxfFyEBGl,Arnold Schwarzenegger,117,2600,370,0,0,0,0,188,3158,298,"I love my brother Danny Devito so much, he’s in my documentary AND my show FUBAR. @netflix",2023-06-13T23:04:15.797685,['blob:https://www.facebook.com/3856d3df-a840-484d-a7d7-818fe42bee1a'],https://scontent.fsog1-1.fna.fbcdn.net/v/t51.36329-10/353798280_1305819630017489_4390938559203251687_n.jpg?stp=dst-jpg_s960x960&_nc_cat=1&ccb=1-7&_nc_sid=ad6a45&_nc_ohc=ctSaDXWL9UAAX9GNA-C&_nc_ht=scontent.fsog1-1.fna&oh=00_AfBq-pmM73si4B0zQw-Wncj7U8DwUgTEL0ul88CItlXN-g&oe=6492C32A,https://www.facebook.com/arnold/posts/pfbid02EJX8a6cWAGNXarfjqxJKGLrAWMnjidnD9zBUd1xHdVFD4XUkEzoZXesPFxfFyEBGl?__cft__[0]=AZV4ECez7I78_FGaXavnBr4EWK0Q6j8851GJrAg2V3oorQqIgTkUUN_Elku8b-KmThlNzh4etSS1kbXO2NNSASviATYO8-RbTn4OJQFmt3UbDMTFEspEoLSdjZ0-6DzeeBCu8orIpw64cFlTEgJHbaPWnmztfocRAgFmqINoNJoNPLhAM52uB4oxyNyMSZYt72pOGkz1szti3R_hFv0N3CEK&__tn__=%2CO%2CP-R
pfbid0Nw96pMDZEk6d8t4WAdxw1GESod1CRqFNCcZJqsMgXZXzGRjH9tuEdNhEPGJH8fFJl,Arnold Schwarzenegger,89,1300,198,0,0,0,0,0,1498,205,"Pre-order ARNOLD now at the link in my bio!! “This photographic homage to Arnold Schwarzenegger, a decade of collaboration in the making, traces his journey from poverty to Mr. Olympia, to movie star, and to the Governor’s Mansion. The two-volume edition includes portraits by leading artists and photographers – such as Richard Avedon, Annie Leibovitz, Robert Mapplethorpe, Herb Ritts, Francesco Scavullo, and Andy Warhol –, vintage bodybuilding images, film stills, dozens of personal photos from Arnold’s private archive, and exclusive interviews. Limited to 1,947 copies, each numbered and signed by Arnold Schwarzenegger.An ‘Annie Leibovitz Art Edition’ (No. 1–100) features a signed ChromaLuxe print and a Capitello book stand designed by Studio65 and produced by @gufram. A ‘Capitello Edition’ (No. 101–950) is also available.”@taschen",2023-06-13T23:04:17.021992,['blob:https://www.facebook.com/88f87bb5-b5af-401f-afbd-b9aaf3c11d69'],https://scontent.fsog1-1.fna.fbcdn.net/v/t51.36329-10/353022694_939275087336465_2493319468503256163_n.jpg?stp=dst-jpg_s960x960&_nc_cat=1&ccb=1-7&_nc_sid=ad6a45&_nc_ohc=rd4sl6QIlAYAX-vg4J8&_nc_ht=scontent.fsog1-1.fna&oh=00_AfC8laXPm2nEv3xueWEBuyS-q3cXJisWbt0mybXNB5QzNA&oe=6492D31B,https://www.facebook.com/arnold/posts/pfbid0Nw96pMDZEk6d8t4WAdxw1GESod1CRqFNCcZJqsMgXZXzGRjH9tuEdNhEPGJH8fFJl?__cft__[0]=AZVIxL80tSEXDz9GObumPf7FLZ70apYfnlsPe9Kkz4YgA8jJI-hChkkYch4LTcTPQArTgDc59DKsUcdKnPjQ3TU9ntF8VXoKvBFJ8BZlKH_th0WmKYRkfEYAjPVSgNf7bkSXA7_rdG6GNu39SIME9vVlXIiMIHjyQ1W6UNzAD-HZ9Y3urwZQddmcumcZYbae55jFypG2fxMRe41UHV5X9wX0&__tn__=%2CO%2CP-R
pfbid02pXxcXN485dKSozUdFgBdotoYm8BUBV6NsDvBU9rzSn52u22uhdnzv1K9Qhtw7mGSl,Arnold Schwarzenegger,427,35000,5400,0,0,0,0,0,40400,1400,"First we get our pump, then we go pump up the fantastic fans in Brazil, @chrishemsworth. See you all at @netflix Tudum!",2023-06-17T15:08:45.017451,[],https://scontent.fsog1-1.fna.fbcdn.net/v/t39.30808-6/354223478_814448336708901_8449479117533158297_n.jpg?stp=dst-jpg_p526x296&_nc_cat=1&ccb=1-7&_nc_sid=730e14&_nc_ohc=6uTRvApyAnsAX8HpCNL&_nc_ht=scontent.fsog1-1.fna&oh=00_AfDrIurU153oImvPSoxKpFJORyfw4cGKnQWdAL2FCcGP5A&oe=6492F8F8,https://www.facebook.com/arnold/posts/pfbid02pXxcXN485dKSozUdFgBdotoYm8BUBV6NsDvBU9rzSn52u22uhdnzv1K9Qhtw7mGSl?__cft__[0]=AZV22OrzSseMUlroL5LeiUCMOvqEvh52VOaAy1xMp4Sbymymie8ylSPc3tejvO5It93lJNB3jX6YhrPUelEjne3FkqjL8Gs_IxkRoTvFvqg8PQhAQ8dUaFbM8CyaSPyIGGxprQGayf5TyO2j-YcOLIHKcPuTIUlNOZn7UNpGprBSJr7NDSR7JBb1vEA5LGYw6f5txws4Hqoh69T5gnswAbzH&__tn__=%2CO%2CP-R
pfbid0tM7RcDw1JNH6TSZJpZntzPt4wWt9he44tfXzgfLCWyFAc2bTsFxR86uJ7F7MEvMel,Arnold Schwarzenegger,848,24000,6200,0,0,0,0,0,30200,2100,Thinking of having an Arnold movie night??? All of your favorites are on @netflix. GET TO THE TV!!!,2023-06-17T03:08:51.936627,[],https://scontent.fsog1-1.fna.fbcdn.net/v/t39.30808-6/354447860_814194556734279_3022868109879732333_n.jpg?stp=dst-jpg_p480x480&_nc_cat=1&ccb=1-7&_nc_sid=730e14&_nc_ohc=ZtT1q4BkjpYAX_otzfu&_nc_ht=scontent.fsog1-1.fna&oh=00_AfD2zLSqmBCdGpVHWtz73TgnphssUfpORUwhQvd25eazlw&oe=64924876 https://scontent.fsog1-1.fna.fbcdn.net/v/t39.30808-6/354452114_814194566734278_6196390062214052717_n.jpg?stp=dst-jpg_p480x480&_nc_cat=1&ccb=1-7&_nc_sid=730e14&_nc_ohc=qyF1BNhxlU4AX_nL7zs&_nc_ht=scontent.fsog1-1.fna&oh=00_AfCBZfDjYNZ0t3yMZVFrT6Bfnbi762sYBCgu5Ol6h_UGDg&oe=6493EAA2 https://scontent.fsog1-1.fna.fbcdn.net/v/t39.30808-6/354440498_814194570067611_5473061587806838540_n.jpg?stp=dst-jpg_p480x480&_nc_cat=1&ccb=1-7&_nc_sid=730e14&_nc_ohc=tchK02FPzXsAX-ML8Xh&_nc_ht=scontent.fsog1-1.fna&oh=00_AfAheY1ZIumjla4wUmtuRePH2FAZgNhRDT91S27QMMvcVQ&oe=6492E194 https://scontent.fsog1-1.fna.fbcdn.net/v/t39.30808-6/354564475_814194573400944_5149927237760524293_n.jpg?stp=dst-jpg_p480x480&_nc_cat=1&ccb=1-7&_nc_sid=730e14&_nc_ohc=_DWq9eFsJsgAX_yeU8K&_nc_ht=scontent.fsog1-1.fna&oh=00_AfDXX80kvMuEnutVonbBDdrc9FwG1ICcLu4JJSoOXRR2rg&oe=6492B442 https://scontent.fsog1-1.fna.fbcdn.net/v/t39.30808-6/354432361_814194550067613_8781996746272118511_n.jpg?stp=dst-jpg_p480x480&_nc_cat=1&ccb=1-7&_nc_sid=730e14&_nc_ohc=yaJ38Im5nPYAX_Tf7UD&_nc_ht=scontent.fsog1-1.fna&oh=00_AfDHn2RZeUl5KuCy0Ss_XjDADL5hL6naha67WghgE6B7ZQ&oe=64925EBC,https://www.facebook.com/arnold/posts/pfbid0tM7RcDw1JNH6TSZJpZntzPt4wWt9he44tfXzgfLCWyFAc2bTsFxR86uJ7F7MEvMel?__cft__[0]=AZUHcFu5x-EoDwnjGHBSbGPbg8T_wIePJRLVtgLaH3Zmq_GkMVG6RUWu2slJ3n0yFGkpWriBUiP-OtC-fT0dJohw2z64CZEMMTcDEQUjdB94IHb40deiqQ-Wv1B_b8Hfwnel8ls0TdPQvBsWQADTEtg9gQv2AmCm_jjWxQWWFOG7N3NRTStrS31c8Q8UXamcVrcuuKk5ZAlE1ZrkxlyAhsqk&__tn__=%2CO%2CP-R
pfbid026hy2LY1f7s9t1HDm5VaZAX5cjG6oDmCYep2bFyD6iKDUNwRz1Rz31kj7rvyBD11vl,Arnold Schwarzenegger,254,6400,984,0,0,0,0,0,7384,448,BRAZIL! I was overwhelmed by the love at @netflix #TUDUM”,2023-06-16T23:08:52.567176,['blob:https://www.facebook.com/15c90bfa-e846-4ffa-b02e-354222c07366'],https://scontent.fsog1-1.fna.fbcdn.net/v/t51.36329-10/353903284_265764069464794_4402740965345202975_n.jpg?stp=dst-jpg_s960x960&_nc_cat=1&ccb=1-7&_nc_sid=ad6a45&_nc_ohc=iFL9tcneeKMAX_Uo7Q8&_nc_ht=scontent.fsog1-1.fna&oh=00_AfAphyZHqvgI_vi_BOkysHZV4-nydpOrwzloABvPNFidcg&oe=6493584C,https://www.facebook.com/arnold/posts/pfbid026hy2LY1f7s9t1HDm5VaZAX5cjG6oDmCYep2bFyD6iKDUNwRz1Rz31kj7rvyBD11vl?__cft__[0]=AZW26vAYYWw9ofAUvFZ4VCLWCugxJ7-s2XEjUF-mXfWi8XSl4WfX1S5ypy4KxY5fIlHahTDNHkdQ8-ZlYpXGXB_fcu6NZs71u3x7-OQIF0sgdIYzw5iuSyukz4x2xT9yR3rGCRF9G5EuQIgFQ3L87gu49DzXRHoFygtwIxaVNzyHq0b5M09OegTxy3QVJlffdNlQukATHYv-j199mpe8heWX&__tn__=%2CO%2CP-R
pfbid09fD63YLSENs5Q2TxPd1ztja9iSxHXVXiEphz4tVWL2JEMgjYUg7afvfeUhRWiMZwl,Arnold Schwarzenegger,474,23000,3400,0,0,0,0,0,26400,1000,Everyone has been asking me for a place to see all of the old issues of the #ArnoldsPumpClub daily emails. Link in my bio.,2023-06-16T23:08:53.817294,[],https://scontent.fsog1-1.fna.fbcdn.net/v/t39.30808-6/354254621_814043553416046_9005553944429389534_n.jpg?stp=dst-jpg_s640x640&_nc_cat=1&ccb=1-7&_nc_sid=730e14&_nc_ohc=rKkL-UoP_IYAX8ZDLzL&_nc_oc=AQmNXlC0rAwCEPjNEdTKPTqXW4OEezQBxkp3BpGW506j3UhdmNPoZMc-hu2u_u-mUHk&_nc_ht=scontent.fsog1-1.fna&oh=00_AfDr1LEtQMyJye3wZ8wiCYXlZiioTFZUVkzxtTkADiyFFg&oe=6492243B,https://www.facebook.com/arnold/posts/pfbid09fD63YLSENs5Q2TxPd1ztja9iSxHXVXiEphz4tVWL2JEMgjYUg7afvfeUhRWiMZwl?__cft__[0]=AZWZksOHR_-_ia3B1hPaqJ7nJenvNK4LeHA2WJ37HP_JAALOJdW4T5xrXKm54AGYFk7wzP4YTiWo4WxvEPZXG_KnJBYWC6c7_qdIiG6kf4e-r9E8QHKqasr03EsnNP6_bRQcL0v8qmsLGq4K-79A7LGO9JYNm_XbNa8T7EzH84tcTPkD3rI_h4AvTs4J9vlxWNAI5GVPVgS26tXg-tbRm0se&__tn__=%2CO%2CP-R
pfbid021H7YH1UJnehhTgCdgSiQntvBd4F4hb3THcBe1CYBgVYiCcyxSnfVQXCAAFNGhukyl,Arnold Schwarzenegger,0,686,138,0,0,0,0,0,824,0,"I joined #ChrisWallace this week to talk about my new Netflix series “FUBAR”, documentary “Arnold”, and my mission to bring more positivity to the world. Tune in tonight on @CNN at 10pmET or anytime @streamonmax",2023-06-16T23:09:01.437192,[],https://scontent.fsog1-1.fna.fbcdn.net/v/t39.30808-6/354659357_814020793418322_8565838719161478227_n.jpg?stp=dst-jpg_p526x296&_nc_cat=102&ccb=1-7&_nc_sid=730e14&_nc_ohc=QE8lFi1nV0QAX_UM9gz&_nc_ht=scontent.fsog1-1.fna&oh=00_AfDCCRBjo66cpJ5yBxvzVmx2oQtdvCNxGCSoazUVheGmeg&oe=649325EF https://static.xx.fbcdn.net/rsrc.php/v3/y9/r/Z-dbClQDXLv.png,https://www.facebook.com/arnold/posts/pfbid021H7YH1UJnehhTgCdgSiQntvBd4F4hb3THcBe1CYBgVYiCcyxSnfVQXCAAFNGhukyl?__cft__[0]=AZWMNElC1uDSZB0jIy619xwglxnxtd69qdBPCYUEjVHHZDNCb6-iuaNc7GcL2Y5CICOHLtesEbGGsZYFQObsjJGl7Tk5d6lDCcGgfcgy-dz1xhwjyJKj16VQlmz_1Gplsca-U2lTBiANj0CmXXXp1Dkf2X1hgkeHjaKsVIKGIgGLirnt52QcJbegDt-azea6pG5nnwqRX7qY1Np2ukq_h7qd&__tn__=%2CO%2CP-R
pfbid0rdwz2CdeLmp642yLQP4fmE5yQaFuVjAFmPbsSi3cu35mJcGynmWpGnHDYa2tLtCjl,Arnold Schwarzenegger,493,7400,1300,0,0,0,0,0,8700,584,You guys always want more Whiskey and Lulu. Don’t miss my documentary. @netflix,2023-06-15T23:09:01.847047,['blob:https://www.facebook.com/7d1bf612-3d0c-4fe8-a51c-3dde6eabcc9d'],https://scontent.fsog1-1.fna.fbcdn.net/v/t51.36329-10/353855348_783737463332266_6533084635466607591_n.jpg?stp=dst-jpg_s960x960&_nc_cat=1&ccb=1-7&_nc_sid=ad6a45&_nc_ohc=D2-eRjq8k0kAX9-koXv&_nc_ht=scontent.fsog1-1.fna&oh=00_AfDqVvb9_M5O-9cXbNvtO4bXhsL03HtRpQyy52QDdRYe0g&oe=6492826B,https://www.facebook.com/arnold/posts/pfbid0rdwz2CdeLmp642yLQP4fmE5yQaFuVjAFmPbsSi3cu35mJcGynmWpGnHDYa2tLtCjl?__cft__[0]=AZWnwtuFllja027Hv2C8uPoKYvJXPx16Elxrgoz24RTCoEV0A6GqQg_YNnZ6xCqDzzk4AohO8Sn0bwcG361fjksy25G-YG_dm_nvkX5N4A4J0N_3fu2SpYS8gAHipmryOVgSqSDca_GeF38S49Wx7GDtexlYEN5xEKodMXkQ0iPhidg0OBdeg0maEXwTvz8CqmQu6VKFnygvfSajfXIWAR9y&__tn__=%2CO%2CP-R
pfbid0ZSRXV2tCcaueUMjWfQGvWzjMRDoosWptEU3UfDfjQYgZuhWiKTWbWSrVs2Db26pBl,Arnold Schwarzenegger,120,2500,349,0,0,0,0,0,2849,356,Put down your phone. Give yourself time to find your vision. @netflix,2023-06-14T23:09:03.139256,['blob:https://www.facebook.com/f0bb0457-f9ed-4caa-b847-e50a3fb56d25'],https://scontent.fsog1-1.fna.fbcdn.net/v/t51.36329-10/353595144_6436885113001307_4179743736284190665_n.jpg?stp=dst-jpg_s960x960&_nc_cat=1&ccb=1-7&_nc_sid=ad6a45&_nc_ohc=Rb3q1hSaKMIAX_AD1gT&_nc_ht=scontent.fsog1-1.fna&oh=00_AfCWviUGakMlhryuvi1JWCgR07nuwgmFufpvO0UkEdw3oA&oe=64929651,https://www.facebook.com/arnold/posts/pfbid0ZSRXV2tCcaueUMjWfQGvWzjMRDoosWptEU3UfDfjQYgZuhWiKTWbWSrVs2Db26pBl?__cft__[0]=AZWixkuixcuCXvIcGBW9Qe6kQ3RP3vrA3Zfh3VzhthHKhMxau_yNfTBhFE6jnT_Q4vL_GwSjnSfU9_eVB0pZs-NLBm9cadKBdAReOtFHDDfVa7ovp1yfJSH-6TF1rmERBbvrOieucVjGjGT5bWrwqjYq8i1Bwc0BD5bel2u4GovEmxi7mYvURcaaKmMk7xetaTH0fBEfyb5wiMXCA6xPmB52&__tn__=%2CO%2CP-R
pfbid0HxprDJiYLsyDDgBokqad8UYj9xSuJPisc7QDMskXuCN8rYJMMKmXe79nw8RvH26Gl,Arnold Schwarzenegger,137,3800,677,0,0,0,0,0,4477,490,Did i do the #fancam right?,2023-06-14T23:09:03.882610,['blob:https://www.facebook.com/2788c9de-0c7a-4478-ab06-47461143d736'],https://scontent.fsog1-1.fna.fbcdn.net/v/t51.36329-10/353583567_1627140514434062_7158654566709693158_n.jpg?stp=dst-jpg_s960x960&_nc_cat=1&ccb=1-7&_nc_sid=ad6a45&_nc_ohc=uNUPJuPmf6wAX_shUiD&_nc_ht=scontent.fsog1-1.fna&oh=00_AfA3-5AeIuU_7PvFxbPUlUpoKAa_8zKJf0-tq_QJrcdHNA&oe=6493471D https://static.xx.fbcdn.net/rsrc.php/v3/y9/r/Z-dbClQDXLv.png,https://www.facebook.com/arnold/posts/pfbid0HxprDJiYLsyDDgBokqad8UYj9xSuJPisc7QDMskXuCN8rYJMMKmXe79nw8RvH26Gl?__cft__[0]=AZWq35Lug1EvkJS9zkmNuLouZCIZa6SdJuXV00lMez3wlCn0bzjskxaEDoLtsdi-i_zF647evGziyiWO6nhgpShiM2jFRmEfIH2tZ8ejZsCU36Iw3vd4hYC1YGpO0MWRQTddpZnuIF3JPwBzr7niMCz0zn0DCUmv_hHrO1qZN2dQrttYXCbkM1XTauVdGFGfx7jPMUIMtDEJQVM4DTJSeIT5&__tn__=%2CO%2CP-R
pfbid02EJX8a6cWAGNXarfjqxJKGLrAWMnjidnD9zBUd1xHdVFD4XUkEzoZXesPFxfFyEBGl,Arnold Schwarzenegger,117,2600,370,0,0,0,0,188,3158,298,"I love my brother Danny Devito so much, he’s in my documentary AND my show FUBAR. @netflix",2023-06-13T23:09:05.046818,['blob:https://www.facebook.com/60208057-6470-43d3-a287-04ee151fecaa'],https://scontent.fsog1-1.fna.fbcdn.net/v/t51.36329-10/353798280_1305819630017489_4390938559203251687_n.jpg?stp=dst-jpg_s960x960&_nc_cat=1&ccb=1-7&_nc_sid=ad6a45&_nc_ohc=ctSaDXWL9UAAX9GNA-C&_nc_ht=scontent.fsog1-1.fna&oh=00_AfBq-pmM73si4B0zQw-Wncj7U8DwUgTEL0ul88CItlXN-g&oe=6492C32A,https://www.facebook.com/arnold/posts/pfbid02EJX8a6cWAGNXarfjqxJKGLrAWMnjidnD9zBUd1xHdVFD4XUkEzoZXesPFxfFyEBGl?__cft__[0]=AZWIxZ4MQnkS88mfRu6h4TMSjtxWANoPOD0t10_JkML-4avGg2-ni3v47k6idmQudgTPs8vfteq-7h3Dng92_PjEkcKaUoNl3JZW2nWU3FgxVQcAyRlW7joSmElLf9TXDhUIr7Stfr-tMLEbANF3smHgkRQO1GdWSuj7EI_jzsDeKKpk3-w0cIQvyAe0otFSe28Hi8GWf8YB3MyxJ4sp6B7z&__tn__=%2CO%2CP-R
pfbid0Nw96pMDZEk6d8t4WAdxw1GESod1CRqFNCcZJqsMgXZXzGRjH9tuEdNhEPGJH8fFJl,Arnold Schwarzenegger,89,1300,198,0,0,0,0,0,1498,205,"Pre-order ARNOLD now at the link in my bio!! “This photographic homage to Arnold Schwarzenegger, a decade of collaboration in the making, traces his journey from poverty to Mr. Olympia, to movie star, and to the Governor’s Mansion. The two-volume edition includes portraits by leading artists and photographers – such as Richard Avedon, Annie Leibovitz, Robert Mapplethorpe, Herb Ritts, Francesco Scavullo, and Andy Warhol –, vintage bodybuilding images, film stills, dozens of personal photos from Arnold’s private archive, and exclusive interviews. Limited to 1,947 copies, each numbered and signed by Arnold Schwarzenegger.An ‘Annie Leibovitz Art Edition’ (No. 1–100) features a signed ChromaLuxe print and a Capitello book stand designed by Studio65 and produced by @gufram. A ‘Capitello Edition’ (No. 101–950) is also available.”@taschen",2023-06-13T23:09:05.766982,['blob:https://www.facebook.com/9cfbfa1c-14a5-441a-9d14-a05342882ff7'],,https://www.facebook.com/arnold/posts/pfbid0Nw96pMDZEk6d8t4WAdxw1GESod1CRqFNCcZJqsMgXZXzGRjH9tuEdNhEPGJH8fFJl?__cft__[0]=AZXSBqgrziUritzPILbmmO9AgB_T064kCmA5zuhZFok6F05L3cJ3LP36qEMxrR2rKIbo6l3LjtCee_3BGfKYk2AjeQZ4mz9DmpMTatBKPFVfPGQr0r0XJeAnaXDNLfLxZcNW1ycY9c_RrIfaJzyh5Fqu_zTeTIbscVQRdHidSoTOxES_8KOOU7vEeRFupfIsA7N9XTGORSJrfrFw10ITY9w5&__tn__=%2CO%2CP-R
pfbid02pXxcXN485dKSozUdFgBdotoYm8BUBV6NsDvBU9rzSn52u22uhdnzv1K9Qhtw7mGSl,Arnold Schwarzenegger,430,36000,5500,0,0,0,0,0,41500,1400,"First we get our pump, then we go pump up the fantastic fans in Brazil, @chrishemsworth. See you all at @netflix Tudum!",2023-06-17T15:26:26.331397,[],https://scontent.fsog1-1.fna.fbcdn.net/v/t39.30808-6/354223478_814448336708901_8449479117533158297_n.jpg?stp=dst-jpg_p526x296&_nc_cat=1&ccb=1-7&_nc_sid=730e14&_nc_ohc=6uTRvApyAnsAX8HpCNL&_nc_ht=scontent.fsog1-1.fna&oh=00_AfDrIurU153oImvPSoxKpFJORyfw4cGKnQWdAL2FCcGP5A&oe=6492F8F8,https://www.facebook.com/arnold/posts/pfbid02pXxcXN485dKSozUdFgBdotoYm8BUBV6NsDvBU9rzSn52u22uhdnzv1K9Qhtw7mGSl?__cft__[0]=AZX3tG7jxVGEdYzer1tkhqJGfxXlgsxUBLZyAnUP41gfmQRdj-a7dcNN9KgX91ouNMC3T2e4-ghBuu4S8YeNZPPeKEu6u0H31JSYtrN0d0kcY02k1IDSHHirCU9Zt9HKc2ezmwbXfsOL1iOh973SvImNKV9-Q8AyKHC7VbGC3wzAwM3TiEMsdeRXYwm7EQ6upi9inoEqk6U2eldSaRLv_1HD&__tn__=%2CO%2CP-R
pfbid0tM7RcDw1JNH6TSZJpZntzPt4wWt9he44tfXzgfLCWyFAc2bTsFxR86uJ7F7MEvMel,Arnold Schwarzenegger,852,25000,6200,0,0,0,0,0,31200,2200,Thinking of having an Arnold movie night??? All of your favorites are on @netflix. GET TO THE TV!!!,2023-06-17T02:26:33.432344,[],https://scontent.fsog1-1.fna.fbcdn.net/v/t39.30808-6/354447860_814194556734279_3022868109879732333_n.jpg?stp=dst-jpg_p480x480&_nc_cat=1&ccb=1-7&_nc_sid=730e14&_nc_ohc=ZtT1q4BkjpYAX_otzfu&_nc_ht=scontent.fsog1-1.fna&oh=00_AfD2zLSqmBCdGpVHWtz73TgnphssUfpORUwhQvd25eazlw&oe=64924876 https://scontent.fsog1-1.fna.fbcdn.net/v/t39.30808-6/354452114_814194566734278_6196390062214052717_n.jpg?stp=dst-jpg_p480x480&_nc_cat=1&ccb=1-7&_nc_sid=730e14&_nc_ohc=qyF1BNhxlU4AX_nL7zs&_nc_ht=scontent.fsog1-1.fna&oh=00_AfCBZfDjYNZ0t3yMZVFrT6Bfnbi762sYBCgu5Ol6h_UGDg&oe=6493EAA2 https://scontent.fsog1-1.fna.fbcdn.net/v/t39.30808-6/354440498_814194570067611_5473061587806838540_n.jpg?stp=dst-jpg_p480x480&_nc_cat=1&ccb=1-7&_nc_sid=730e14&_nc_ohc=tchK02FPzXsAX-ML8Xh&_nc_ht=scontent.fsog1-1.fna&oh=00_AfAheY1ZIumjla4wUmtuRePH2FAZgNhRDT91S27QMMvcVQ&oe=6492E194 https://scontent.fsog1-1.fna.fbcdn.net/v/t39.30808-6/354564475_814194573400944_5149927237760524293_n.jpg?stp=dst-jpg_p480x480&_nc_cat=1&ccb=1-7&_nc_sid=730e14&_nc_ohc=_DWq9eFsJsgAX_yeU8K&_nc_ht=scontent.fsog1-1.fna&oh=00_AfDXX80kvMuEnutVonbBDdrc9FwG1ICcLu4JJSoOXRR2rg&oe=6492B442 https://scontent.fsog1-1.fna.fbcdn.net/v/t39.30808-6/354432361_814194550067613_8781996746272118511_n.jpg?stp=dst-jpg_p480x480&_nc_cat=1&ccb=1-7&_nc_sid=730e14&_nc_ohc=yaJ38Im5nPYAX_Tf7UD&_nc_ht=scontent.fsog1-1.fna&oh=00_AfDHn2RZeUl5KuCy0Ss_XjDADL5hL6naha67WghgE6B7ZQ&oe=64925EBC,https://www.facebook.com/arnold/posts/pfbid0tM7RcDw1JNH6TSZJpZntzPt4wWt9he44tfXzgfLCWyFAc2bTsFxR86uJ7F7MEvMel?__cft__[0]=AZUuvddGwkmTVQUnjBZdtxTbfnpJEQLEMisHMLNyi6HDldyMNJ_IyPlD8bk_RGpeDuoADgZw8JMAvjqzOAEJmIx_Yh8OzHgaK5F93a8YSu3I3EHyQnxIPObJeC5ncgBvskTa1qyl-bAx_IbDhJ0MCpV9vBPgFMectd2wuJmr-dyQd4Xm3NSRIBiYfcTp9caulaXJEgvX9Vu3ly8-1TScK8_q&__tn__=%2CO%2CP-R
pfbid026hy2LY1f7s9t1HDm5VaZAX5cjG6oDmCYep2bFyD6iKDUNwRz1Rz31kj7rvyBD11vl,Arnold Schwarzenegger,257,6500,992,0,0,0,0,0,7492,452,BRAZIL! I was overwhelmed by the love at @netflix #TUDUM”,2023-06-16T23:26:34.897623,['blob:https://www.facebook.com/8579967c-d8db-4f3d-9c24-6db1a5fe2737'],https://scontent.fsog1-1.fna.fbcdn.net/v/t51.36329-10/353903284_265764069464794_4402740965345202975_n.jpg?stp=dst-jpg_s960x960&_nc_cat=1&ccb=1-7&_nc_sid=ad6a45&_nc_ohc=iFL9tcneeKMAX_Uo7Q8&_nc_ht=scontent.fsog1-1.fna&oh=00_AfAphyZHqvgI_vi_BOkysHZV4-nydpOrwzloABvPNFidcg&oe=6493584C,https://www.facebook.com/arnold/posts/pfbid026hy2LY1f7s9t1HDm5VaZAX5cjG6oDmCYep2bFyD6iKDUNwRz1Rz31kj7rvyBD11vl?__cft__[0]=AZUwFJWQpRXs58ZW1QAAqp3KYPkRTE9BsNmbiFa-nb3YNkhqbrINSoRsk9vkcOHfMjYASbC-Gy2iiXXfIdJZYj6PwpWbjcEAqFtUu05Piyt7WXrp_KqYFueb--VwYtvNq8gjEUi_1ASP6syU3it-V7byfuNrI7gWzockPC1Yah7H1_4lmSpkcIMrNonFP7MvmS6-fny5c3oj8sOaduDc3JBj&__tn__=%2CO%2CP-R
pfbid02pXxcXN485dKSozUdFgBdotoYm8BUBV6NsDvBU9rzSn52u22uhdnzv1K9Qhtw7mGSl,Arnold Schwarzenegger,444,37000,5700,0,0,0,0,0,42700,1400,"First we get our pump, then we go pump up the fantastic fans in Brazil, @chrishemsworth. See you all at @netflix Tudum!",2023-06-17T15:11:47.660514,[],https://scontent.fsog1-1.fna.fbcdn.net/v/t39.30808-6/354223478_814448336708901_8449479117533158297_n.jpg?stp=dst-jpg_p526x296&_nc_cat=1&ccb=1-7&_nc_sid=730e14&_nc_ohc=6uTRvApyAnsAX8HpCNL&_nc_ht=scontent.fsog1-1.fna&oh=00_AfDrIurU153oImvPSoxKpFJORyfw4cGKnQWdAL2FCcGP5A&oe=6492F8F8,https://www.facebook.com/arnold/posts/pfbid02pXxcXN485dKSozUdFgBdotoYm8BUBV6NsDvBU9rzSn52u22uhdnzv1K9Qhtw7mGSl?__cft__[0]=AZW8wacz0daO2VfNJLEfSwGxP3FqUBqwYg65n7UCjG64dS8Ex-C4FuAuBNvK0uc2JAH8RyypV2IoPpkwjm0MTPylP1QxVDpGdaIpFtsqaUSyzXOy5zb44qDNBwDdoCAmsNbsHJeo22vY7tsKWPKCuB1uMWzQxMuefhA0n1gEKqF9alQSbbOS7FNGAZJPZYd04qxaSkaUowAW8B5i5_rYCeLD&__tn__=%2CO%2CP-R
pfbid0tM7RcDw1JNH6TSZJpZntzPt4wWt9he44tfXzgfLCWyFAc2bTsFxR86uJ7F7MEvMel,Arnold Schwarzenegger,866,25000,6300,0,0,0,0,0,31300,2200,Thinking of having an Arnold movie night??? All of your favorites are on @netflix. GET TO THE TV!!!,2023-06-17T03:11:54.357311,[],https://scontent.fsog1-1.fna.fbcdn.net/v/t39.30808-6/354447860_814194556734279_3022868109879732333_n.jpg?stp=dst-jpg_p480x480&_nc_cat=1&ccb=1-7&_nc_sid=730e14&_nc_ohc=ZtT1q4BkjpYAX_otzfu&_nc_ht=scontent.fsog1-1.fna&oh=00_AfD2zLSqmBCdGpVHWtz73TgnphssUfpORUwhQvd25eazlw&oe=64924876 https://scontent.fsog1-1.fna.fbcdn.net/v/t39.30808-6/354452114_814194566734278_6196390062214052717_n.jpg?stp=dst-jpg_p480x480&_nc_cat=1&ccb=1-7&_nc_sid=730e14&_nc_ohc=qyF1BNhxlU4AX_nL7zs&_nc_ht=scontent.fsog1-1.fna&oh=00_AfCBZfDjYNZ0t3yMZVFrT6Bfnbi762sYBCgu5Ol6h_UGDg&oe=6493EAA2 https://scontent.fsog1-1.fna.fbcdn.net/v/t39.30808-6/354440498_814194570067611_5473061587806838540_n.jpg?stp=dst-jpg_p480x480&_nc_cat=1&ccb=1-7&_nc_sid=730e14&_nc_ohc=tchK02FPzXsAX-ML8Xh&_nc_ht=scontent.fsog1-1.fna&oh=00_AfAheY1ZIumjla4wUmtuRePH2FAZgNhRDT91S27QMMvcVQ&oe=6492E194 https://scontent.fsog1-1.fna.fbcdn.net/v/t39.30808-6/354564475_814194573400944_5149927237760524293_n.jpg?stp=dst-jpg_p480x480&_nc_cat=1&ccb=1-7&_nc_sid=730e14&_nc_ohc=_DWq9eFsJsgAX_yeU8K&_nc_ht=scontent.fsog1-1.fna&oh=00_AfDXX80kvMuEnutVonbBDdrc9FwG1ICcLu4JJSoOXRR2rg&oe=6492B442 https://scontent.fsog1-1.fna.fbcdn.net/v/t39.30808-6/354432361_814194550067613_8781996746272118511_n.jpg?stp=dst-jpg_p480x480&_nc_cat=1&ccb=1-7&_nc_sid=730e14&_nc_ohc=yaJ38Im5nPYAX_Tf7UD&_nc_ht=scontent.fsog1-1.fna&oh=00_AfDHn2RZeUl5KuCy0Ss_XjDADL5hL6naha67WghgE6B7ZQ&oe=64925EBC,https://www.facebook.com/arnold/posts/pfbid0tM7RcDw1JNH6TSZJpZntzPt4wWt9he44tfXzgfLCWyFAc2bTsFxR86uJ7F7MEvMel?__cft__[0]=AZXIfozKba_-K_NaP6Lg6VUmKvGVOM1zIrLqVw7-7sOT28EfEseQ1YQbJGJ6NAIMHBCizWIyGnnlntOBt7lCDn8u69LB8gIG5tthyz4vZQrEXar9Ek-t7jEFBrgMYfA8QmUv3dQxh-e442wrA9NpAFI2XS8BlQtWVgfncsOi3poh1klLrDjUwpmAaXVH7XOC5wKNyKCHLP9ltjxEeXQZNToj&__tn__=%2CO%2CP-R
pfbid026hy2LY1f7s9t1HDm5VaZAX5cjG6oDmCYep2bFyD6iKDUNwRz1Rz31kj7rvyBD11vl,Arnold Schwarzenegger,260,6600,1000,0,0,0,0,0,7600,459,BRAZIL! I was overwhelmed by the love at @netflix #TUDUM”,2023-06-17T00:11:54.899731,['blob:https://www.facebook.com/32c33b87-4a4b-4745-8cc7-213301f0c949'],,https://www.facebook.com/arnold/posts/pfbid026hy2LY1f7s9t1HDm5VaZAX5cjG6oDmCYep2bFyD6iKDUNwRz1Rz31kj7rvyBD11vl?__cft__[0]=AZWkXZ0gASTnm945Ms4JK27tcUl7jEmXLFTolUIcCoQ2bM5VyqmFPAuuILhI8N2jnIHIJnq3LYbNANBSqzZ9fGPVrGwnhtqPsFx_o6_xI-3aUqgeCf7rGoz-GZyVc2w7_qw_dlumvvPBPlV5SnJAsL42uiAe0AVAbwWdGOPAPGYuYHjk28EjC7zs4awB-bM7kSRsKLUEm5Gnz8gS6MK390Pl&__tn__=%2CO%2CP-R
pfbid02pXxcXN485dKSozUdFgBdotoYm8BUBV6NsDvBU9rzSn52u22uhdnzv1K9Qhtw7mGSl,Arnold Schwarzenegger,446,38000,5800,0,0,0,0,0,43800,1400,"First we get our pump, then we go pump up the fantastic fans in Brazil, @chrishemsworth. See you all at @netflix Tudum!",2023-06-17T15:26:29.346985,[],https://scontent.fsog1-1.fna.fbcdn.net/v/t39.30808-6/354223478_814448336708901_8449479117533158297_n.jpg?stp=dst-jpg_p526x296&_nc_cat=1&ccb=1-7&_nc_sid=730e14&_nc_ohc=6uTRvApyAnsAX8HpCNL&_nc_ht=scontent.fsog1-1.fna&oh=00_AfDrIurU153oImvPSoxKpFJORyfw4cGKnQWdAL2FCcGP5A&oe=6492F8F8,https://www.facebook.com/arnold/posts/pfbid02pXxcXN485dKSozUdFgBdotoYm8BUBV6NsDvBU9rzSn52u22uhdnzv1K9Qhtw7mGSl?__cft__[0]=AZWNQqfRAQuaXNh7qeLdkl0Xy6VlTPIFr1W6Gq6y7lpHhJwdaPdHuxoeaaZQPc7nJfx8AfteOoaMIBydevLZ8nUiJLGYJo-C07JZk-xUlh3yPSAo4BjLHqLmnNgzazYV7yaMcIG1J-1OYM6skZMzwdsy8sUmwwt2fMVLFvFE5EN38mqE4JBiuWv1cXeSiU3PTyGotLOCG-M4v_ZroJjc45gz&__tn__=%2CO%2CP-R
pfbid0tM7RcDw1JNH6TSZJpZntzPt4wWt9he44tfXzgfLCWyFAc2bTsFxR86uJ7F7MEvMel,Arnold Schwarzenegger,868,25000,6300,0,0,0,0,0,31300,2200,Thinking of having an Arnold movie night??? All of your favorites are on @netflix. GET TO THE TV!!!,2023-06-17T02:26:36.497144,[],https://scontent.fsog1-1.fna.fbcdn.net/v/t39.30808-6/354447860_814194556734279_3022868109879732333_n.jpg?stp=dst-jpg_p480x480&_nc_cat=1&ccb=1-7&_nc_sid=730e14&_nc_ohc=ZtT1q4BkjpYAX_otzfu&_nc_ht=scontent.fsog1-1.fna&oh=00_AfD2zLSqmBCdGpVHWtz73TgnphssUfpORUwhQvd25eazlw&oe=64924876 https://scontent.fsog1-1.fna.fbcdn.net/v/t39.30808-6/354452114_814194566734278_6196390062214052717_n.jpg?stp=dst-jpg_p480x480&_nc_cat=1&ccb=1-7&_nc_sid=730e14&_nc_ohc=qyF1BNhxlU4AX_nL7zs&_nc_ht=scontent.fsog1-1.fna&oh=00_AfCBZfDjYNZ0t3yMZVFrT6Bfnbi762sYBCgu5Ol6h_UGDg&oe=6493EAA2 https://scontent.fsog1-1.fna.fbcdn.net/v/t39.30808-6/354440498_814194570067611_5473061587806838540_n.jpg?stp=dst-jpg_p480x480&_nc_cat=1&ccb=1-7&_nc_sid=730e14&_nc_ohc=tchK02FPzXsAX-ML8Xh&_nc_ht=scontent.fsog1-1.fna&oh=00_AfAheY1ZIumjla4wUmtuRePH2FAZgNhRDT91S27QMMvcVQ&oe=6492E194 https://scontent.fsog1-1.fna.fbcdn.net/v/t39.30808-6/354564475_814194573400944_5149927237760524293_n.jpg?stp=dst-jpg_p480x480&_nc_cat=1&ccb=1-7&_nc_sid=730e14&_nc_ohc=_DWq9eFsJsgAX_yeU8K&_nc_ht=scontent.fsog1-1.fna&oh=00_AfDXX80kvMuEnutVonbBDdrc9FwG1ICcLu4JJSoOXRR2rg&oe=6492B442 https://scontent.fsog1-1.fna.fbcdn.net/v/t39.30808-6/354432361_814194550067613_8781996746272118511_n.jpg?stp=dst-jpg_p480x480&_nc_cat=1&ccb=1-7&_nc_sid=730e14&_nc_ohc=yaJ38Im5nPYAX_Tf7UD&_nc_ht=scontent.fsog1-1.fna&oh=00_AfDHn2RZeUl5KuCy0Ss_XjDADL5hL6naha67WghgE6B7ZQ&oe=64925EBC,https://www.facebook.com/arnold/posts/pfbid0tM7RcDw1JNH6TSZJpZntzPt4wWt9he44tfXzgfLCWyFAc2bTsFxR86uJ7F7MEvMel?__cft__[0]=AZWxOKmhCarogGO1DNaLO3r-AAprTQNT2PjQ_qUXjwB2u5L_fv3t2TGOLpJb-_8ufcuCaOAgHXkL3Y5TGumeXbiHJFcP6JVSHvh4BXDf5bi-UW-lF3n50wHSkpel26zViENOhNy2g-EMzVZIdioCJIcnIXDYapOKPp_0XUXJqTQUjIk293jBWzipPelycct2jWuXXucmXzjN4Jk7VxqwhjSu&__tn__=%2CO%2CP-R
pfbid026hy2LY1f7s9t1HDm5VaZAX5cjG6oDmCYep2bFyD6iKDUNwRz1Rz31kj7rvyBD11vl,Arnold Schwarzenegger,261,6600,1000,0,0,0,0,0,7600,459,BRAZIL! I was overwhelmed by the love at @netflix #TUDUM”,2023-06-17T00:26:38.964445,['blob:https://www.facebook.com/39ee3057-dd0d-4564-9ffb-ee8fbe0cf427'],https://scontent.fsog1-1.fna.fbcdn.net/v/t51.36329-10/353903284_265764069464794_4402740965345202975_n.jpg?stp=dst-jpg_s960x960&_nc_cat=1&ccb=1-7&_nc_sid=ad6a45&_nc_ohc=iFL9tcneeKMAX_Uo7Q8&_nc_ht=scontent.fsog1-1.fna&oh=00_AfAphyZHqvgI_vi_BOkysHZV4-nydpOrwzloABvPNFidcg&oe=6493584C,https://www.facebook.com/arnold/posts/pfbid026hy2LY1f7s9t1HDm5VaZAX5cjG6oDmCYep2bFyD6iKDUNwRz1Rz31kj7rvyBD11vl?__cft__[0]=AZXLAAC8zOjV9jsnq7kDvxOJxlrGF7Cd7IoRSqavqRivaU4wT7UxDBvXyeCPB9CCYvHInYl0Wy505fQfwvMA1TBKP7fC-v6CQre_LH9DoHXo7VJaEpJ4xWtcXueq_aro4lDHxHhC7yAMQj_pwVhixe0wnpi77P_VpObFE_PSZM7P77czEYG097rlV4BudSqdrNew3r-KSyFT9mg34K-w5upA&__tn__=%2CO%2CP-R
pfbid09fD63YLSENs5Q2TxPd1ztja9iSxHXVXiEphz4tVWL2JEMgjYUg7afvfeUhRWiMZwl,Arnold Schwarzenegger,481,24000,3500,0,0,0,0,0,27500,1000,Everyone has been asking me for a place to see all of the old issues of the #ArnoldsPumpClub daily emails. Link in my bio.,2023-06-17T00:26:40.942093,[],https://scontent.fsog1-1.fna.fbcdn.net/v/t39.30808-6/354254621_814043553416046_9005553944429389534_n.jpg?stp=dst-jpg_s640x640&_nc_cat=1&ccb=1-7&_nc_sid=730e14&_nc_ohc=rKkL-UoP_IYAX8ZDLzL&_nc_oc=AQmNXlC0rAwCEPjNEdTKPTqXW4OEezQBxkp3BpGW506j3UhdmNPoZMc-hu2u_u-mUHk&_nc_ht=scontent.fsog1-1.fna&oh=00_AfAYlC_hAJH1OTY7t9mvQwzI7ZXdbvsKw4XCZD4-98RwuQ&oe=64941E7B,https://www.facebook.com/arnold/posts/pfbid09fD63YLSENs5Q2TxPd1ztja9iSxHXVXiEphz4tVWL2JEMgjYUg7afvfeUhRWiMZwl?__cft__[0]=AZUw39cTuGKJ3HTR3gLNMajXCKABJz6Tb4oTz1cPSx8OR-RpEWjdhtODOAeIpVdRCA3aKGIh8grGSzmGNj0GqFvpqt4mCUoZP-H-QBpnXgYyxs1B11ApJegVM-pSBb9Y1b-T2w_gEudEJEmo6SSdd3SnePJ15mkf7aZgiVe_Uux77qOQtVDcewUSrsdd892NMNOfHEhUt0ZIv5ztUNLsSe9p&__tn__=%2CO%2CP-R
pfbid021H7YH1UJnehhTgCdgSiQntvBd4F4hb3THcBe1CYBgVYiCcyxSnfVQXCAAFNGhukyl,Arnold Schwarzenegger,0,714,143,0,0,0,0,0,857,0,"I joined #ChrisWallace this week to talk about my new Netflix series “FUBAR”, documentary “Arnold”, and my mission to bring more positivity to the world. Tune in tonight on @CNN at 10pmET or anytime @streamonmax",2023-06-17T00:26:49.138586,[],https://scontent.fsog1-1.fna.fbcdn.net/v/t39.30808-6/354659357_814020793418322_8565838719161478227_n.jpg?stp=dst-jpg_p526x296&_nc_cat=102&ccb=1-7&_nc_sid=730e14&_nc_ohc=QE8lFi1nV0QAX_UM9gz&_nc_ht=scontent.fsog1-1.fna&oh=00_AfDCCRBjo66cpJ5yBxvzVmx2oQtdvCNxGCSoazUVheGmeg&oe=649325EF https://static.xx.fbcdn.net/rsrc.php/v3/y9/r/Z-dbClQDXLv.png,https://www.facebook.com/arnold/posts/pfbid021H7YH1UJnehhTgCdgSiQntvBd4F4hb3THcBe1CYBgVYiCcyxSnfVQXCAAFNGhukyl?__cft__[0]=AZUqHoBtFv3YOEoh02VfxL82wQAPVtGf92jZYlz6rclDPIq3tbN6bJXsdXEsLadSBApQJKXk3Hwtk3Ex6Gm5mxDPUgxm_U7lwhQ8NngI2-xsefy2XHPWmqBjqEfSeNshEDTEh1Dm_eXNPGMpa-uIgs2J4DJxLTKTSqUU9rn6D96ATqBGbMmVlaCHdW9KGT5GbmR8_wQu0UQjHuxVJEsy06v8&__tn__=%2CO%2CP-R
pfbid0rdwz2CdeLmp642yLQP4fmE5yQaFuVjAFmPbsSi3cu35mJcGynmWpGnHDYa2tLtCjl,Arnold Schwarzenegger,0,7400,1300,0,0,0,0,0,8700,0,You guys always want more Whiskey and Lulu. Don’t miss my documentary. @netflix,2023-06-16T00:26:49.996578,['blob:https://www.facebook.com/6cb2d135-5cfd-4648-9a31-6858923c1c83'],https://scontent.fsog1-1.fna.fbcdn.net/v/t51.36329-10/353855348_783737463332266_6533084635466607591_n.jpg?stp=dst-jpg_s960x960&_nc_cat=1&ccb=1-7&_nc_sid=ad6a45&_nc_ohc=D2-eRjq8k0kAX9-koXv&_nc_ht=scontent.fsog1-1.fna&oh=00_AfDqVvb9_M5O-9cXbNvtO4bXhsL03HtRpQyy52QDdRYe0g&oe=6492826B,https://www.facebook.com/arnold/posts/pfbid0rdwz2CdeLmp642yLQP4fmE5yQaFuVjAFmPbsSi3cu35mJcGynmWpGnHDYa2tLtCjl?__cft__[0]=AZUm0WUM09m0q5Ra-I-sZl76aWhn6bhsEKX4RpNv5Db5IkhaGHihakjZjXmmgX48UmUrK-TLU0Fj-_iFEg6BtR9C3gCUZXmS226OyfaXIQlUdvGhuQEF9nHzQB-5eVovheQ7QgbGvnlKxXXERWHDGOUq-7xNBzGHFcuOvkuUkRIdL8NLS-oTK7x7drBjIfr_Kvs6zvhNOUmJa1Z2bjwEAKOf&__tn__=%2CO%2CP-R
pfbid0ZSRXV2tCcaueUMjWfQGvWzjMRDoosWptEU3UfDfjQYgZuhWiKTWbWSrVs2Db26pBl,Arnold Schwarzenegger,0,2500,351,0,0,0,0,0,2851,0,Put down your phone. Give yourself time to find your vision. @netflix,2023-06-15T00:26:51.298690,['blob:https://www.facebook.com/995edcdd-e603-41b8-92a1-606eab1ad165'],https://scontent.fsog1-1.fna.fbcdn.net/v/t51.36329-10/353595144_6436885113001307_4179743736284190665_n.jpg?stp=dst-jpg_s960x960&_nc_cat=1&ccb=1-7&_nc_sid=ad6a45&_nc_ohc=Rb3q1hSaKMIAX_AD1gT&_nc_ht=scontent.fsog1-1.fna&oh=00_AfCWviUGakMlhryuvi1JWCgR07nuwgmFufpvO0UkEdw3oA&oe=64929651,https://www.facebook.com/arnold/posts/pfbid0ZSRXV2tCcaueUMjWfQGvWzjMRDoosWptEU3UfDfjQYgZuhWiKTWbWSrVs2Db26pBl?__cft__[0]=AZVxkkl6-ePM9ScKn7KNg57_Eqm96aITdFTPqi9StMD4gOfU58zdHokAPSZ_bBgk0R1HEC6mcJNm421uZyY6hYlUNCus9KrxkVBeiLHaqGxLIgmY9boBSX_yyeDN_yss03SSvpvJ7blq7aTac87Rl9efxpJ2wMfi4gG6hO1B4oGKyXZGh6KwpUyxXEQ4BsYVoPn6yZ57Y9Y5I1to1yGoJIwn&__tn__=%2CO%2CP-R
pfbid0HxprDJiYLsyDDgBokqad8UYj9xSuJPisc7QDMskXuCN8rYJMMKmXe79nw8RvH26Gl,Arnold Schwarzenegger,0,3800,680,0,0,0,0,0,4480,0,Did i do the #fancam right?,2023-06-15T00:26:52.030783,['blob:https://www.facebook.com/d66d9b5c-43a1-4f74-a522-c05cb5b7d385'],https://scontent.fsog1-1.fna.fbcdn.net/v/t51.36329-10/353583567_1627140514434062_7158654566709693158_n.jpg?stp=dst-jpg_s960x960&_nc_cat=1&ccb=1-7&_nc_sid=ad6a45&_nc_ohc=uNUPJuPmf6wAX_shUiD&_nc_ht=scontent.fsog1-1.fna&oh=00_AfA3-5AeIuU_7PvFxbPUlUpoKAa_8zKJf0-tq_QJrcdHNA&oe=6493471D https://static.xx.fbcdn.net/rsrc.php/v3/y9/r/Z-dbClQDXLv.png,https://www.facebook.com/arnold/posts/pfbid0HxprDJiYLsyDDgBokqad8UYj9xSuJPisc7QDMskXuCN8rYJMMKmXe79nw8RvH26Gl?__cft__[0]=AZU-3vt4eOC2Q82hJczxjEhOyCXDF7ePHGgDkTubDw4Z_varZ9fX1MDInk2Xa2zA4lDI1S4Qti9tZk68tTBpIsLQeK4j29yUhn6pffSS7HqGlKNSyS0N2wef-4VhXyKCqPp3mfiQEwv-a1heFIP6L5TeT0VXBTFN149om2Eh_s068XFnlkcyyrcClEt-7CYzSJo-5jWrmaJ0S3IhGlJjsTef&__tn__=%2CO%2CP-R
pfbid02EJX8a6cWAGNXarfjqxJKGLrAWMnjidnD9zBUd1xHdVFD4XUkEzoZXesPFxfFyEBGl,Arnold Schwarzenegger,0,2600,371,0,0,0,0,188,3159,0,"I love my brother Danny Devito so much, he’s in my documentary AND my show FUBAR. @netflix",2023-06-14T00:26:52.576007,['blob:https://www.facebook.com/ea42ddd0-9865-48a7-bfa6-115a1fa1b4c0'],https://scontent.fsog1-1.fna.fbcdn.net/v/t51.36329-10/353798280_1305819630017489_4390938559203251687_n.jpg?stp=dst-jpg_s960x960&_nc_cat=1&ccb=1-7&_nc_sid=ad6a45&_nc_ohc=ctSaDXWL9UAAX9GNA-C&_nc_ht=scontent.fsog1-1.fna&oh=00_AfBq-pmM73si4B0zQw-Wncj7U8DwUgTEL0ul88CItlXN-g&oe=6492C32A,https://www.facebook.com/arnold/posts/pfbid02EJX8a6cWAGNXarfjqxJKGLrAWMnjidnD9zBUd1xHdVFD4XUkEzoZXesPFxfFyEBGl?__cft__[0]=AZXQL3QXqvfpcgYHHKdEBTt4_1F8IjddjPmS0aMzNSk21viUbJ2FFu65H-Yq4s3vQTkRhoN2lIENyEpJ2bfOcLdGeKhWb3sPp_IBqM6fcoWU_R9bnBlAAwm7HoB9-0_ZBC6NOrK2TR20Qx9YWMpTUauZphTYAxVfm21JsH1-vA_J4BchIAwAN350hxXUK_YaInEiafeEOOgLciSbVz94c4Lf&__tn__=%2CO%2CP-R
pfbid0Nw96pMDZEk6d8t4WAdxw1GESod1CRqFNCcZJqsMgXZXzGRjH9tuEdNhEPGJH8fFJl,Arnold Schwarzenegger,89,1300,198,0,0,0,0,0,1498,205,"Pre-order ARNOLD now at the link in my bio!! “This photographic homage to Arnold Schwarzenegger, a decade of collaboration in the making, traces his journey from poverty to Mr. Olympia, to movie star, and to the Governor’s Mansion. The two-volume edition includes portraits by leading artists and photographers – such as Richard Avedon, Annie Leibovitz, Robert Mapplethorpe, Herb Ritts, Francesco Scavullo, and Andy Warhol –, vintage bodybuilding images, film stills, dozens of personal photos from Arnold’s private archive, and exclusive interviews. Limited to 1,947 copies, each numbered and signed by Arnold Schwarzenegger.An ‘Annie Leibovitz Art Edition’ (No. 1–100) features a signed ChromaLuxe print and a Capitello book stand designed by Studio65 and produced by @gufram. A ‘Capitello Edition’ (No. 101–950) is also available.”@taschen",2023-06-14T00:26:53.266515,['blob:https://www.facebook.com/267c5eff-456c-4075-a943-9570d68664c4'],,https://www.facebook.com/arnold/posts/pfbid0Nw96pMDZEk6d8t4WAdxw1GESod1CRqFNCcZJqsMgXZXzGRjH9tuEdNhEPGJH8fFJl?__cft__[0]=AZVFTi_ZchdeLRcLYxZ-FeOG29jfL2J4lJMuBU8hzxXFB1bzUlG4gl2Cd6XPaegDoZWxp8VdpJF3ickwjj1F2nJ5WUZasbsVMYQeWGTphthNHH4011EpO6mHklNEKpkwKY_GNi09IfvsYZJanBxQRcXaiPRy6o6IRCBq8KUaX6M0KVLEuhVnB9kxu-YIRXs-eRGJAd0P08y-RNrm8K3Ym4kN&__tn__=%2CO%2CP-R
pfbid02kQ2UoopZy9sGdBEXPPk5eLEu4df31Yzf2bKaLK7oeFxyz66Mojb5Hm8WbZrjtiBtl,Arnold Schwarzenegger,228,3400,721,0,0,0,0,0,4121,535,Sequel’s in the bag. Crunchies are in the cake. #FUBAR Season 2 is a go! THANK YOU TO ALL OF YOU! #TUDUM,2023-06-18T01:54:48.741177,['blob:https://www.facebook.com/8c0cebbc-0ccd-4b40-9059-60004624a58e'],https://scontent.fsog1-1.fna.fbcdn.net/v/t51.36329-10/354410936_1519945528829872_2642472037014881503_n.jpg?stp=dst-jpg_s960x960&_nc_cat=1&ccb=1-7&_nc_sid=ad6a45&_nc_ohc=mu80oXil5qwAX_USfYN&_nc_ht=scontent.fsog1-1.fna&oh=00_AfDwObAkPEnR5yTZWAaWAIsnwb6htMfQ4UcKWMID_Cuzaw&oe=6494401C,https://www.facebook.com/arnold/posts/pfbid02kQ2UoopZy9sGdBEXPPk5eLEu4df31Yzf2bKaLK7oeFxyz66Mojb5Hm8WbZrjtiBtl?__cft__[0]=AZXjCirwUfqxGMfl33494D90SEpVfqVyOjpXyOs98nptH0opU04zPdRpRWfpQ04nJ75uWcLYSNSEp7OEcxhQKVLXsD0EILiRv0SF0bM4dt621d59kkFUClbnLDEQ-O2w_sKPvFVCMLlzBIAMz1aevjB9_kVLZg-3N-7zssQgePHgx33qV_GDjEFH6edIuMVpJjjXcZ7ZuOj7SCmPhYnPmxbl&__tn__=%2CO%2CP-R
pfbid0kWMu3YrZQYdn6eoXV5nGV8nfwFKKPCFVjehUDkAN9bwC7o31Wrc8MMtCFEdjnzRQl,Arnold Schwarzenegger,837,108000,14000,0,0,0,0,0,122000,2500,"First we get our pump, then we go pump up the fantastic fans in Brazil, @chrishemsworth. See you all at @netflix Tudum!",2023-06-17T23:54:56.964904,[],https://scontent.fsog1-1.fna.fbcdn.net/v/t39.30808-6/354223478_814448336708901_8449479117533158297_n.jpg?stp=dst-jpg_p526x296&_nc_cat=1&ccb=1-7&_nc_sid=730e14&_nc_ohc=30aXeTagTSAAX9rFe6O&_nc_ht=scontent.fsog1-1.fna&oh=00_AfDo1XjUF2muK5c97hLgGbFKXsPkBHJWg7kaJ9r1s3HDNQ&oe=6494F338 https://static.xx.fbcdn.net/rsrc.php/v3/y9/r/Z-dbClQDXLv.png,https://www.facebook.com/arnold/posts/pfbid0kWMu3YrZQYdn6eoXV5nGV8nfwFKKPCFVjehUDkAN9bwC7o31Wrc8MMtCFEdjnzRQl?__cft__[0]=AZXYBUqRyONehxvkIH4Wd-rrPSnYceP5lj_H46r-JO5BO_iM3eVxVnMPkSSBZ74UvW7r0i2H5btJUf9hScfYfnCm9uoR9O0kukJKRs7Q1Hjxd8YXOrhAxeL8biU2IAHJ695ZwUzLUwF6yf4jepebLwLAoL3oRUIftM2ktf1spUXowLhSRAkFYgWTL95v-4EwzAqACAlops80iAUBQFVl27kK&__tn__=%2CO%2CP-R
pfbid02xCZ8ntrq9ph9cYYjG7X8Jy4sQJm1w32vAEiXUKfZufrHQVkr8CaxHwh7GZFziHUNl,Arnold Schwarzenegger,1100,33000,7900,0,0,0,0,0,40900,2600,Thinking of having an Arnold movie night??? All of your favorites are on @netflix. GET TO THE TV!!!,2023-06-17T23:54:58.379305,[],https://scontent.fsog1-1.fna.fbcdn.net/v/t39.30808-6/354447860_814194556734279_3022868109879732333_n.jpg?stp=dst-jpg_p480x480&_nc_cat=1&ccb=1-7&_nc_sid=730e14&_nc_ohc=hpvZJxbLbi0AX-t1flO&_nc_ht=scontent.fsog1-1.fna&oh=00_AfCgJADg2UIRm5CxoX3JvZsyT2eS6YyxYBNJH29aKO7oJQ&oe=649442B6 https://scontent.fsog1-1.fna.fbcdn.net/v/t39.30808-6/354452114_814194566734278_6196390062214052717_n.jpg?stp=dst-jpg_p480x480&_nc_cat=104&ccb=1-7&_nc_sid=730e14&_nc_ohc=uwWUrqWL5CUAX_J7TGJ&_nc_ht=scontent.fsog1-1.fna&oh=00_AfDoAudEC1iE9VqQIshrFjgqSNz2Rdj3FPWyn1rKRY5KPw&oe=6493EAA2 https://scontent.fsog1-1.fna.fbcdn.net/v/t39.30808-6/354440498_814194570067611_5473061587806838540_n.jpg?stp=dst-jpg_p480x480&_nc_cat=1&ccb=1-7&_nc_sid=730e14&_nc_ohc=tchK02FPzXsAX-ML8Xh&_nc_ht=scontent.fsog1-1.fna&oh=00_AfB-EcMyCYIWBbaJkiFwBVGo7DSt6QTGE8PV_84z9FjjgA&oe=6494DBD4 https://scontent.fsog1-1.fna.fbcdn.net/v/t39.30808-6/354564475_814194573400944_5149927237760524293_n.jpg?stp=dst-jpg_p480x480&_nc_cat=1&ccb=1-7&_nc_sid=730e14&_nc_ohc=LSjHCLENnasAX-iAZ2k&_nc_ht=scontent.fsog1-1.fna&oh=00_AfCo2IcErhgdPy2MxzAPc4_d9G8hPN0ZsFIjeV8FTXHcvA&oe=6494AE82 https://scontent.fsog1-1.fna.fbcdn.net/v/t39.30808-6/354432361_814194550067613_8781996746272118511_n.jpg?stp=dst-jpg_p480x480&_nc_cat=1&ccb=1-7&_nc_sid=730e14&_nc_ohc=yaJ38Im5nPYAX_Tf7UD&_nc_ht=scontent.fsog1-1.fna&oh=00_AfBmNHyRUwOVONrSzpJHJ5Ue8UHiuwurT3dh75CQzPXb3A&oe=649458FC,https://www.facebook.com/arnold/posts/pfbid02xCZ8ntrq9ph9cYYjG7X8Jy4sQJm1w32vAEiXUKfZufrHQVkr8CaxHwh7GZFziHUNl?__cft__[0]=AZVH8N8S23UUqEDFHECs4zIa2TiJsUwXQgZg3WYRZOlnGKhe8kl8213wrM0HblymCuESwyEx1X1c6H3W6LCMH4TvIGJt1c4sMoU1iMzcVw_DhKVj16nLFz0kghCO22gAyMHZT-MSJ_HHdPxWoFlECjMs28Jv7R-AT3cDkhiRWh_429x3O8dTU8_WPl7T5-7ArqZw1glbvgirakZkF8pzg_7_&__tn__=%2CO%2CP-R
pfbid03AKqRNPJGetqJn5r9poNP1E9a7UFpo7mpPdCohfYKfa1vA6T58bFumiGmB82Pk5cl,Arnold Schwarzenegger,310,8900,1200,0,0,0,0,0,10100,611,BRAZIL! I was overwhelmed by the love at @netflix #TUDUM”,2023-06-16T23:54:59.132907,['blob:https://www.facebook.com/a8ddf203-b0de-431d-ba73-610d6692d790'],https://scontent.fsog1-1.fna.fbcdn.net/v/t51.36329-10/353903284_265764069464794_4402740965345202975_n.jpg?stp=dst-jpg_s960x960&_nc_cat=1&ccb=1-7&_nc_sid=ad6a45&_nc_ohc=iFL9tcneeKMAX_Uo7Q8&_nc_ht=scontent.fsog1-1.fna&oh=00_AfADqLMvPnPTMD3Suicscp6m4Oml1KtSdssKTV7FW0Zk1Q&oe=6495528C https://scontent.fsog1-1.fna.fbcdn.net/v/t39.1997-6/105279152_1001060267016344_4134634992886018671_n.png?stp=cp0_dst-png_s110x80&_nc_cat=1&ccb=1-7&_nc_sid=ac3552&_nc_ohc=D2gK7lF8LpoAX8rMHcd&_nc_ht=scontent.fsog1-1.fna&oh=00_AfDT6ntoLnm-2sMCh03wcpK0tbSFppY2qkSDYuCxz9v4nA&oe=6494501D,https://www.facebook.com/arnold/posts/pfbid03AKqRNPJGetqJn5r9poNP1E9a7UFpo7mpPdCohfYKfa1vA6T58bFumiGmB82Pk5cl?__cft__[0]=AZV57gSGPxYjR3HTcg69D9PgizJQVC4VgRVb5DBHDzKA0wqnHI7ap2rsG1TbeEYwt7CZyfueUNiGJd3XDwCcHs9nb6fF3Su1it0mpDr20CKrpE_lk3gNafATLL4IZFX8_kR6z5MjQChKBGbbM63rHDYpltWKVUOrEHMX0wqxGAK1ZRQSSbnyaXFX3ioAkEuyd-CdBNu38ArU8shD__k8EIPA&__tn__=%2CO%2CP-R
pfbid02D2hGfZh4GCNEWwgZzuoPdQNmhR6v7WVFqk76zKxa8AEjrMSWHZKqkSuUqmwUTzGkl,Arnold Schwarzenegger,0,26000,3900,0,0,0,0,0,29900,0,Everyone has been asking me for a place to see all of the old issues of the #ArnoldsPumpClub daily emails. Link in my bio.,2023-06-16T23:55:10.716476,[],https://scontent.fsog1-1.fna.fbcdn.net/v/t39.30808-6/354254621_814043553416046_9005553944429389534_n.jpg?stp=dst-jpg_s640x640&_nc_cat=110&ccb=1-7&_nc_sid=730e14&_nc_ohc=18Z4mSGvGoEAX-E6gN9&_nc_oc=AQlltTrpA9GMEpkVPLTzc6nXvWM5PMeG5vFUPi08QviKBwwkd45W7fEuN77U3AqRVGQ&_nc_ht=scontent.fsog1-1.fna&oh=00_AfAGkvh9f84zs3Fo4joxh2iw6qpFpjledTEZ5uDjZplOrA&oe=64941E7B,https://www.facebook.com/arnold/posts/pfbid02D2hGfZh4GCNEWwgZzuoPdQNmhR6v7WVFqk76zKxa8AEjrMSWHZKqkSuUqmwUTzGkl?__cft__[0]=AZWLTqIDW3CDHw9B4CtJ4_k8cV6SASN0_j_x62ak9VIj6_BsV3-RjYuJgMRbrUaS42qWqOjPbCvA3wEVoY8iWa4YX-yb-JVsKnQdgVvaVp0-_s9el-pWQXyKDKwLacVmHjsMJXpI0PQnwmX0_YgadHukT_iQGX9iPIG2y30b4JOlq7-ts_lo-MnGZ8F2Ev8WIo0EHUiqpfQimNzQwZiBouBZ&__tn__=%2CO%2CP-R
pfbid034ebiu2pvpJCRaKjndVrr8uYsUKsPTYVKrCksUvAfkLrsSqCD7cXFAJUK8C87m4Ktl,Arnold Schwarzenegger,42,939,177,0,0,0,0,0,1116,137,"I joined #ChrisWallace this week to talk about my new Netflix series “FUBAR”, documentary “Arnold”, and my mission to bring more positivity to the world. Tune in tonight on @CNN at 10pmET or anytime @streamonmax",2023-06-16T23:55:15.268385,[],https://scontent.fsog1-1.fna.fbcdn.net/v/t39.30808-6/354659357_814020793418322_8565838719161478227_n.jpg?stp=dst-jpg_p526x296&_nc_cat=102&ccb=1-7&_nc_sid=730e14&_nc_ohc=3QH5qAj3ZEQAX-Br6db&_nc_ht=scontent.fsog1-1.fna&oh=00_AfB-LMoUjzVvpfYf3njVYat-zyhBEwJiFzr_sDIsm96rZA&oe=6495202F,https://www.facebook.com/arnold/posts/pfbid034ebiu2pvpJCRaKjndVrr8uYsUKsPTYVKrCksUvAfkLrsSqCD7cXFAJUK8C87m4Ktl?__cft__[0]=AZUwxrnp2ZflQI43TFU1WzNB9jzHtH6mQfh2sUz0VYhy8Xhi61Z0ku76rdQvbQDFYZaK70axU4SGnKAMa83Wr2XWKdBjkNnCO7fIu5KgsNiNrXAgvWjYPQKvpAxea8xs_m0BqF56hoVBQWYGGf33Iga0gf6n0U5WZCzcSslRvZUcC0muY9AhX40w4PuwAKLSofp8rKFMLcHMV-LvCQmuQAqd&__tn__=%2CO%2CP-R
pfbid02v1SAeDzGNSohwvsya542v11skTDyEhKpffUeANRNyeVaXpmnmYTHTryUCsAowBjUl,Arnold Schwarzenegger,524,8100,1400,0,0,0,0,0,9500,609,You guys always want more Whiskey and Lulu. Don’t miss my documentary. @netflix,2023-06-15T23:55:16.102310,['blob:https://www.facebook.com/9f99374c-09ee-4533-865b-53698d3ef916'],https://scontent.fsog1-1.fna.fbcdn.net/v/t51.36329-10/353855348_783737463332266_6533084635466607591_n.jpg?stp=dst-jpg_s960x960&_nc_cat=1&ccb=1-7&_nc_sid=ad6a45&_nc_ohc=D2-eRjq8k0kAX9-koXv&_nc_ht=scontent.fsog1-1.fna&oh=00_AfDVrBFdThIisUDZCsQSVwqPZnw_FM2K9s4xyyt6JMy6Yw&oe=64947CAB https://static.xx.fbcdn.net/rsrc.php/v3/y9/r/Z-dbClQDXLv.png,https://www.facebook.com/arnold/posts/pfbid02v1SAeDzGNSohwvsya542v11skTDyEhKpffUeANRNyeVaXpmnmYTHTryUCsAowBjUl?__cft__[0]=AZUHMSf1NAF6Gn5Hp8lXYURWjewCJg23FUblRVfF2tHeP7Wh3rXk9kobAzbHTY3ja436dbfdBdmLScNkFSlVUtbAhtNSuygTnOnyLuukgmtnArFhBiiGCauJXp9DTVSBSmR7MVn3wMq0w-ExsnIp0LHYWLmuqb8JJ4e6IIclK3ocNE20xMH3McPhGRyE1UMmbFNLmxSKugQYS75lAe8sH_kC&__tn__=%2CO%2CP-R
pfbid02dHsEfhp2TnDc9DpLrot8G1HGwB1edPcxA5PJHTqweRcQ3Yv92gssuiiZzvgN7Wt8l,Arnold Schwarzenegger,130,2800,387,0,0,0,0,0,3187,354,Put down your phone. Give yourself time to find your vision. @netflix,2023-06-14T23:55:17.872658,['blob:https://www.facebook.com/8bf6f1b9-797a-4942-9f30-59403908f68d'],https://scontent.fsog1-1.fna.fbcdn.net/v/t51.36329-10/353595144_6436885113001307_4179743736284190665_n.jpg?stp=dst-jpg_s960x960&_nc_cat=1&ccb=1-7&_nc_sid=ad6a45&_nc_ohc=Rb3q1hSaKMIAX_AD1gT&_nc_ht=scontent.fsog1-1.fna&oh=00_AfAwX15shUF5GmE6XtLMD0Rb0MempVhyXGiL7P4R2dr7Sw&oe=64949091,https://www.facebook.com/arnold/posts/pfbid02dHsEfhp2TnDc9DpLrot8G1HGwB1edPcxA5PJHTqweRcQ3Yv92gssuiiZzvgN7Wt8l?__cft__[0]=AZWZRGwx8g6WSyl1ATYG9mMXdEv93OK---Rlc2OwDc3HJNyrqRl4DEH0lo95rJxjgF4SDPalFob4BUDQT-OaFkyiUl8AvUk8GQOwivUdkV1YQ415VgagGge0qsGP48NR6N489L0gOZu_QkTehx4GVjLPY4U6ljpp2LALzn4KDm4mJoAbX475a9gHo_voXabzfDSv6Mn9yGrmJgm2NYdCo3-j&__tn__=%2CO%2CP-R
pfbid02MpGZPyeNCCHduMKtAAzCxB42Zvvs6SNArC7p3zBZZFqU7mJb1UTFXTwwhUMr5brbl,Arnold Schwarzenegger,154,4100,733,0,0,0,0,0,4833,504,Did i do the #fancam right?,2023-06-14T23:55:18.485715,['blob:https://www.facebook.com/e11bfbf8-609f-4f00-977c-fdb13cd77992'],https://scontent.fsog1-1.fna.fbcdn.net/v/t51.36329-10/353583567_1627140514434062_7158654566709693158_n.jpg?stp=dst-jpg_s960x960&_nc_cat=1&ccb=1-7&_nc_sid=ad6a45&_nc_ohc=uNUPJuPmf6wAX_shUiD&_nc_ht=scontent.fsog1-1.fna&oh=00_AfDIsxBG5b5-DPuaok7dpjNGjvwXTW5vfSTsm7fKVmDqiA&oe=6495415D https://static.xx.fbcdn.net/rsrc.php/v3/y9/r/Z-dbClQDXLv.png,https://www.facebook.com/arnold/posts/pfbid02MpGZPyeNCCHduMKtAAzCxB42Zvvs6SNArC7p3zBZZFqU7mJb1UTFXTwwhUMr5brbl?__cft__[0]=AZW33iysVf-1sNlSsPW_eZ6zMQnESXLox5kgg2BRz63WHqdWKH1293tLCth8aNVw5KnWTqPFYExw4Elh3G0Ckl4uwQzgruam1tnfd2aLqDDUorK5T29_oBMykvExA9lZ-JhFAIRKtCPDDp0oTldyjEAzP547JsMlUkGBKnmGeM2RYQyteVZ68FmTc0l4IEzK8GNGg-9jgt5XIaAc5rKWgtn8&__tn__=%2CO%2CP-R
pfbid0AGvR6HQwVM43GUuJrPCyFSonstAENjDscHDDRsVPnCrBNrE2A7u5k83fFGxCjbXdl,Arnold Schwarzenegger,120,2700,381,0,0,0,0,195,3276,298,"I love my brother Danny Devito so much, he’s in my documentary AND my show FUBAR. @netflix",2023-06-13T23:55:19.193826,['blob:https://www.facebook.com/a58e1e3c-3133-4086-8afa-ad977267ec69'],,https://www.facebook.com/arnold/posts/pfbid0AGvR6HQwVM43GUuJrPCyFSonstAENjDscHDDRsVPnCrBNrE2A7u5k83fFGxCjbXdl?__cft__[0]=AZU9_HmcODgLdene4Zw-E_91r1MZ3cOnuG2PM0uGD3CyW8rusDvXcA8q05x2cYTJRlQo4Sga0MTZUyOu6IgnyH8Yo_AEby-Y6RBp_oHnBI2O4tcM9G3cqv71ts_K23f7N3nP5IJI3tfzikMEyIfdGLaSDokQaOUKcaw92kjXCczkTP3NV79knYBbyU_Lp-It-bbAXhy_QvEolhnIJBqTQ9Yf&__tn__=%2CO%2CP-R
pfbid0RvTbwPpVbawqX1YoBY7ivSEMaFANWg2bStSPZp4RwX2SaLXDPbPJprVs3ehJ78sgl,Arnold Schwarzenegger,387,27000,6500,0,0,0,0,0,33500,2600,"THANK YOU, THANK YOU, THANK YOU. Conquering the top 5 on @netflix again? You guys are blowing my mind!",2023-06-21T22:02:09.412423,[],https://scontent.fsog1-1.fna.fbcdn.net/v/t39.30808-6/355368619_816205529866515_3189211917295335497_n.jpg?_nc_cat=106&ccb=1-7&_nc_sid=730e14&_nc_ohc=qbHM2n0DUdMAX_qxtPT&_nc_ht=scontent.fsog1-1.fna&oh=00_AfAnHavXxOth1UyxNCWpywvt4IYvfCiZiemvDXpHKAm_IA&oe=64990E13 https://scontent.fsog1-1.fna.fbcdn.net/v/t39.30808-6/355290191_816205526533182_4127749041043436913_n.jpg?_nc_cat=103&ccb=1-7&_nc_sid=730e14&_nc_ohc=fd_74VGIdHcAX_N772D&_nc_ht=scontent.fsog1-1.fna&oh=00_AfBODrgmkosqDG92E1SGO4I7Q8jngOKs_9KPSVO-kBsmJg&oe=6499C655 https://static.xx.fbcdn.net/rsrc.php/v3/y9/r/Z-dbClQDXLv.png,https://www.facebook.com/arnold/posts/pfbid0RvTbwPpVbawqX1YoBY7ivSEMaFANWg2bStSPZp4RwX2SaLXDPbPJprVs3ehJ78sgl?__cft__[0]=AZWp3WcE0z5J46tck90Yk6AW8Cgn92DTzJ3VWDo0z1frail6CB3uXPtaefwJMzekBEMcO99Qk5sNl-2vF_7xvP2ymmDcr1qjBeHdAJxQXQ7bZVKSCKJ9-fKmJHoJUeLIy9CVWwK_fhDI-f0HDcGTu-X8TYaAa6FDXdWzfv6EUNQYg06dbQR2wUtVXn_mJ8D7jJpH_u3Tr-VkPZcyg38t8ADK&__tn__=%2CO%2CP-R
pfbid0356bQcgHtoqC8WaEhWQ9DCWeiXHcUmUy2EHAVdnGtK8A2G7izSTc5FycntD6mxGagl,Arnold Schwarzenegger,1100,142000,19000,0,0,0,0,0,161000,2800,It was so fantastic hanging with you - and not being the only one at the @netflix event with an accent! @gal_gadot,2023-06-20T22:02:16.273556,[],https://scontent.fsog1-1.fna.fbcdn.net/v/t39.30808-6/355308293_816154883204913_6479130421196540013_n.jpg?stp=dst-jpg_s640x640&_nc_cat=1&ccb=1-7&_nc_sid=730e14&_nc_ohc=_BuM5NK_p30AX8LHAYL&_nc_ht=scontent.fsog1-1.fna&oh=00_AfBlRvDQBir167JLPQFBT3zEh2UzzGVITkbg5wP5SUZB4A&oe=6498BFDE,https://www.facebook.com/arnold/posts/pfbid0356bQcgHtoqC8WaEhWQ9DCWeiXHcUmUy2EHAVdnGtK8A2G7izSTc5FycntD6mxGagl?__cft__[0]=AZWsgegOQOSyLwxg3SM0FLSF7JvASvUZxNdyzkjxWQezQUbJqdGRh6qTlRm9lBA759i5E8rEEXC3gWUdMiDw9kQvGIvl_PdQ81iTX1qacVmee3AJX1Y7NmpqoT-1bN9Yk31tT09PcEre0vH7A41AwnP_XF17oDzwD8aTjQTkg_ckhMOg1mBaRaoBd1Xjv0TMqlzhv5krruxWjoVsFPl49PP-&__tn__=%2CO%2CP-R
pfbid02rzoviLN96vKcsAaK4piD6PMBPFg5B4WNeuT3fi79GD4LHsFk4cJRdBvnDXxF16Pul,Arnold Schwarzenegger,126,2300,371,0,0,0,0,0,2671,403,IT’S NOT A BLOOPAH. Can’t wait for Season 2 with my FUBAR family. @netflix,2023-06-19T22:02:23.765125,['blob:https://www.facebook.com/9a698b9e-86a4-467c-88dd-e1447d0757de'],https://scontent.fsog1-1.fna.fbcdn.net/v/t51.36329-10/355144486_814338430120578_5533131040041671601_n.jpg?stp=dst-jpg_s960x960&_nc_cat=106&ccb=1-7&_nc_sid=ad6a45&_nc_ohc=OPwOGFm09YMAX9altnf&_nc_ht=scontent.fsog1-1.fna&oh=00_AfCBQ0SvXw_T2M2QpHNrmkwfsl-oge0rJqlGlgSXeq31wQ&oe=649A085E,https://www.facebook.com/arnold/posts/pfbid02rzoviLN96vKcsAaK4piD6PMBPFg5B4WNeuT3fi79GD4LHsFk4cJRdBvnDXxF16Pul?__cft__[0]=AZXyrW2EvJQgvMBxpGANrspu2GSjVo5NN8HMiIutMZJpxCEfbdG-GDputA14AXWZdtJkRa_XtRnJutvTFXZK3dx6_4mB4JnzNXMjiuMh2wtZUMjnX3aM9iTNOeZoxdgFPjrw6aI12OGKi5UgggN9rf2MrbzyJmZVDMCpFeJ6vUm4huzbvXjyqoHtflkCJIWk8YUV6OgULM2PjhBxX9a8ZduO&__tn__=%2CO%2CP-R
pfbid02kXfznArJ9sh4N1knXiQ4Ukcyd4KHciNRybZFi5CWPmdPetAHKaQ6F2pT89LZBaicl,Arnold Schwarzenegger,277,4700,912,0,0,0,0,0,5612,724,Sequel’s in the bag. Crunchies are in the cake. #FUBAR Season 2 is a go! THANK YOU TO ALL OF YOU! #TUDUM,2023-06-18T22:02:24.593941,['blob:https://www.facebook.com/773aef57-b131-4c55-81ef-45dbfce57054'],https://scontent.fsog1-1.fna.fbcdn.net/v/t51.36329-10/354410936_1519945528829872_2642472037014881503_n.jpg?stp=dst-jpg_s960x960&_nc_cat=110&ccb=1-7&_nc_sid=ad6a45&_nc_ohc=9ITB-eGF6r0AX_3ezzn&_nc_ht=scontent.fsog1-1.fna&oh=00_AfDp5eTirCiByMcxfhMcBo2jvzWZqiyfl6qymIUzlXkc4w&oe=649A2EDC https://static.xx.fbcdn.net/rsrc.php/v3/y9/r/Z-dbClQDXLv.png,https://www.facebook.com/arnold/posts/pfbid02kXfznArJ9sh4N1knXiQ4Ukcyd4KHciNRybZFi5CWPmdPetAHKaQ6F2pT89LZBaicl?__cft__[0]=AZXiAVfRgO9Y_kZbe1pwj0Bmhd3v7am7lUkOMmuxlVIDuGzwiPBk5RmaXX_KjcSyZSXCR6A8hEEyPxlPYzJetOlCWOeT0ucNpna7PZCipvWM3aY7ruXLNUSSwVUEdcDfIztL0CcsYVv_OenX905TBDE_130dHHScdKPrAxEA5nobVTEkzrb51dMB3kO6QXyHQm4DPhiGDrEVitk6TmYnGSBX&__tn__=%2CO%2CP-R
pfbid0ke1R1utHbHeSWvW8ocK5FYptTQePiTxzk5SZnZ7qJxhR5zJAdWeXK1HZYnJVbcshl,Arnold Schwarzenegger,1100,180000,21000,0,0,0,0,0,201000,3600,"First we get our pump, then we go pump up the fantastic fans in Brazil, @chrishemsworth. See you all at @netflix Tudum!",2023-06-17T22:02:24.989833,[],https://scontent.fsog1-1.fna.fbcdn.net/v/t39.30808-6/354223478_814448336708901_8449479117533158297_n.jpg?stp=dst-jpg_p526x296&_nc_cat=1&ccb=1-7&_nc_sid=730e14&_nc_ohc=ULvEwiDXslEAX-9gxgg&_nc_ht=scontent.fsog1-1.fna&oh=00_AfBb35eC_8O-Xxf3MVriBwMIJwtLMoGYMVCmPa80cToybw&oe=6498E7B8,https://www.facebook.com/arnold/posts/pfbid0ke1R1utHbHeSWvW8ocK5FYptTQePiTxzk5SZnZ7qJxhR5zJAdWeXK1HZYnJVbcshl?__cft__[0]=AZWvT7CHPc3BNiF-gxqe8y39K9eLeh2rPaZLdM-qCrDEIlTqsHSlvi7jpetnWApeApz7IIyGjuQ9ADQsHie7ZYekevbE3I-HcxQFaI2JfrJhEVKA9Q8LanxkhLIFRKuqvQZrZRTizPFS0tCWWW2AaZpBQcdtv_PuLfyQCUh-T3QVOKWGDW2l23pptFBgJ-Omi5iKx6LttvOrdEqgS8vv13Hu&__tn__=%2CO%2CP-R
pfbid02wrF8CcKMWeYdRxJmm44aqKGLquse9DTHLWvMCdJv3MawRVoK77Z8wDbeXLaWBPHzl,Arnold Schwarzenegger,1300,39000,9300,0,0,0,0,0,48300,3000,Thinking of having an Arnold movie night??? All of your favorites are on @netflix. GET TO THE TV!!!,2023-06-17T22:02:32.285683,[],https://scontent.fsog1-1.fna.fbcdn.net/v/t39.30808-6/354447860_814194556734279_3022868109879732333_n.jpg?stp=dst-jpg_p480x480&_nc_cat=111&ccb=1-7&_nc_sid=730e14&_nc_ohc=pmTiE88YozYAX-9porA&_nc_ht=scontent.fsog1-1.fna&oh=00_AfDP6HU3bKmK0yuz9hHhXe4ypSpRMDwzSQ8ZMe68Me2WCA&oe=649A3176 https://scontent.fsog1-1.fna.fbcdn.net/v/t39.30808-6/354452114_814194566734278_6196390062214052717_n.jpg?stp=dst-jpg_p480x480&_nc_cat=104&ccb=1-7&_nc_sid=730e14&_nc_ohc=WTg2oE4ZfSkAX8zgB2d&_nc_ht=scontent.fsog1-1.fna&oh=00_AfCl-mcaFv35X9vPRlz86_uPih44r9RNpxlWU3R_Wp1tYA&oe=6499D962 https://scontent.fsog1-1.fna.fbcdn.net/v/t39.30808-6/354440498_814194570067611_5473061587806838540_n.jpg?stp=dst-jpg_p480x480&_nc_cat=108&ccb=1-7&_nc_sid=730e14&_nc_ohc=aHDeSpUBSokAX_tW5-_&_nc_ht=scontent.fsog1-1.fna&oh=00_AfDjcImnXGC62Zbt97U7YnolwzeRu3Gwz8RMKvNe2uQUrA&oe=6498D054 https://scontent.fsog1-1.fna.fbcdn.net/v/t39.30808-6/354564475_814194573400944_5149927237760524293_n.jpg?stp=dst-jpg_p480x480&_nc_cat=100&ccb=1-7&_nc_sid=730e14&_nc_ohc=1drWu4R39ZcAX8lcBVh&_nc_ht=scontent.fsog1-1.fna&oh=00_AfBiBAIoay0ibUB3r4Z3XGYQ7L96F-lQ-zb_1ctrf2vlww&oe=6498A302 https://scontent.fsog1-1.fna.fbcdn.net/v/t39.30808-6/354432361_814194550067613_8781996746272118511_n.jpg?stp=dst-jpg_p480x480&_nc_cat=107&ccb=1-7&_nc_sid=730e14&_nc_ohc=VLGlFfpNIsoAX8zK8DZ&_nc_ht=scontent.fsog1-1.fna&oh=00_AfALi0AghcGTJyK9lfvVAzP0KwN2Kxd8vHGYkaKl7DEQ6w&oe=649A47BC https://static.xx.fbcdn.net/rsrc.php/v3/y9/r/Z-dbClQDXLv.png,https://www.facebook.com/arnold/posts/pfbid02wrF8CcKMWeYdRxJmm44aqKGLquse9DTHLWvMCdJv3MawRVoK77Z8wDbeXLaWBPHzl?__cft__[0]=AZWvtf4DiPWnRSijORO13D4VEaJLNFLb99fkcb6QYRvbvtsrnu_e9X8JpBOpln9TGoDaFVkST9oQYg7L_gBWqcjlBZ54WOd6MeNVDuQ7MTzYgvIXUyUcqZelKVf_HSWbPJHympXidEUqoF62VNJa7b3x_6B_AnIi0bS_iytLja42D5lD6INtxLynQ_AwVFY1jElGIPgj_VyQhhMfsLrMKBlB&__tn__=%2CO%2CP-R
pfbid03HyMPjR2TEaDyVKad5QnHeReSMawo5YJHwVbeZvFsQP7V1Dozsi1yCjQo8DF3Laql,Arnold Schwarzenegger,378,12000,1400,0,0,0,0,0,13400,761,BRAZIL! I was overwhelmed by the love at @netflix #TUDUM”,2023-06-17T22:02:33.591128,['blob:https://www.facebook.com/71af34fc-ca36-4022-b92f-3b2985531a27'],https://static.xx.fbcdn.net/rsrc.php/v3/y9/r/Z-dbClQDXLv.png,https://www.facebook.com/arnold/posts/pfbid03HyMPjR2TEaDyVKad5QnHeReSMawo5YJHwVbeZvFsQP7V1Dozsi1yCjQo8DF3Laql?__cft__[0]=AZUfN_q1fKr_Kp8dv0j2HoA4qA8FJhh-dfFro1JhoGyd5IhpmDpdQQeRmaFvPK-pJz31sVY1tqXilkRehKrTLMhxHXL4lcKW3b7C8M3z0QkDlzxTe7RJtNjUoah2uZgiV5e6ZdvjeFZJeY8XdQe0hSvEA-7iGuZFnlJw6_ncO9NNQLgb1zuBaYtKa9KsgUPGvMRJil2RU3myNRhj1vwaa5yj&__tn__=%2CO%2CP-R
pfbid02DALndvinSjjMHb1SqCE6pevwDjCmPAoBSSN4VWym3fdH6PJh1piYfV6PuVfDnDpul,Arnold Schwarzenegger,653,39000,5000,0,0,0,0,0,44000,1400,Everyone has been asking me for a place to see all of the old issues of the #ArnoldsPumpClub daily emails. Link in my bio.,2023-06-16T22:02:34.054219,[],https://scontent.fsog1-1.fna.fbcdn.net/v/t39.30808-6/354254621_814043553416046_9005553944429389534_n.jpg?stp=dst-jpg_s640x640&_nc_cat=110&ccb=1-7&_nc_sid=730e14&_nc_ohc=TlwrIViMFKAAX_gxNTs&_nc_oc=AQlaHsGlec3YDOZTzCbHp1J86xlIrVNGY2XLlRSSg0ZIpVrcdfJjZp3Zd9pkRgXRtq4svB3mTJEsk-Xn2E4RnPrT&_nc_ht=scontent.fsog1-1.fna&oh=00_AfCpDyoddcJHMeaT-TLp5Ei5cZrriqcdZsE_5v_YhAQMlA&oe=649A0D3B,https://www.facebook.com/arnold/posts/pfbid02DALndvinSjjMHb1SqCE6pevwDjCmPAoBSSN4VWym3fdH6PJh1piYfV6PuVfDnDpul?__cft__[0]=AZXAOUBps-9dNEgaGZERjgWCPRZW1OLDLR7J9CgGLzaC99hebMv6BmSZLO4iAWUL3QhPVdqCyIWBEbbyHzQDWmJc-gktvKErMKTZTQ4qVyVfTKpZ-HdG08DTTqCQ1OQ0kC9r0Kg7F0Xwhku1FSsQ2TO7Pr3A1761pG_MSwbBfBqkJm79oNfhcQURapxXkMXkFlxWfkaf6rSmBoqRtAQ2T2Q7&__tn__=%2CO%2CP-R
pfbid034nFEsPrezyN5xAAr8spygwx3LKzbD8jQ8hpvmwQ6drzGzgjK8T76HeJL1HkoXr6Hl,Arnold Schwarzenegger,48,1100,209,0,0,0,0,0,1309,161,"I joined #ChrisWallace this week to talk about my new Netflix series “FUBAR”, documentary “Arnold”, and my mission to bring more positivity to the world. Tune in tonight on @CNN at 10pmET or anytime @streamonmax",2023-06-16T22:02:34.384353,[],https://scontent.fsog1-1.fna.fbcdn.net/v/t39.30808-6/354659357_814020793418322_8565838719161478227_n.jpg?stp=dst-jpg_p526x296&_nc_cat=102&ccb=1-7&_nc_sid=730e14&_nc_ohc=tZ0SMXocymUAX9We-1O&_nc_ht=scontent.fsog1-1.fna&oh=00_AfBMVpl-Id5hFLFpTH0V4BkSGED43JFt6ycYcPgUgix_Bw&oe=649914AF https://static.xx.fbcdn.net/rsrc.php/v3/y9/r/Z-dbClQDXLv.png,https://www.facebook.com/arnold/posts/pfbid034nFEsPrezyN5xAAr8spygwx3LKzbD8jQ8hpvmwQ6drzGzgjK8T76HeJL1HkoXr6Hl?__cft__[0]=AZXIyuEDjw9Pq3JBg3EFa8j_pk7cyMvfy6vT88lXDkOvY6D8EE3XyaATty7gQGFF3G70WlJKpgmBP6_Z8S2I00bcEg1hqzwg7Jn85E2UYPpGz3uWVUPXVUPra1Dkzg5t5EvtUJMqOLT_xrwtlQZnQwbYRGX4Tju4Kluh2Yhkg8onsYQIuIy0YZotyrjKCwL2hz1s9J0WNaKPeb6UuYgiHAMn&__tn__=%2CO%2CP-R
pfbid02v95gcb1zZ19TJ7PhJKoiJG5KuZTtPiCoQDgifWwMoDdR7ssFnA9ikpw2xPWYFZQJl,Arnold Schwarzenegger,551,9000,1500,0,0,0,0,0,10500,682,You guys always want more Whiskey and Lulu. Don’t miss my documentary. @netflix,2023-06-16T22:02:34.729982,['blob:https://www.facebook.com/3bafc627-fad4-4811-9f31-af0aea5feb75'],https://static.xx.fbcdn.net/rsrc.php/v3/y9/r/Z-dbClQDXLv.png,https://www.facebook.com/arnold/posts/pfbid02v95gcb1zZ19TJ7PhJKoiJG5KuZTtPiCoQDgifWwMoDdR7ssFnA9ikpw2xPWYFZQJl?__cft__[0]=AZVxLGGfbZ_VieOGIXICkzvG-EHC9aYLCKsqBgmUrgR2YL2sDl-C_eQ7muDYBvw-sQhe5q20XAS_UOQjKlRnKSTBoXS0SayEOHEwZe3qf1nBBuFBfjMZv2F2iwyOj67I1xDYzD00VqcIL1Km4Qi8T766_-vSSmVEfw7gK9IqzNDqTKOnxwsYdmcItCllnHBDVJ2ZiXO9ZzdvMjyHIDcO1j6g&__tn__=%2CO%2CP-R
